Voltage_V,Power_mW
0.87,0.0
0.87,0.0
0.88,0.0
0.87,0.0
0.87,0.0
0.88,0.0
0.87,0.0
0.87,0.0
0.87,0.0
0.88,0.0
0.87,0.0
0.86,0.0
0.88,0.0
0.87,0.0
0.87,0.0
0.88,0.0
0.88,0.0
0.87,0.0
0.87,0.0
0.87,0.0
0.87,0.0
0.87,0.0
0.88,0.0
0.87,0.0
0.87,0.0
0.87,0.0
0.88,0.0
0.87,0.0
0.87,0.0
0.88,0.0
0.87,0.0
0.87,0.0
0.88,0.0
0.87,0.0
0.87,0.0
0.87,0.0
0.88,0.0
0.87,0.0
0.87,0.0
0.88,0.0
0.88,0.0
0.87,0.0
0.87,0.0
0.88,0.0
0.87,0.0
0.87,0.0
0.88,0.0
0.87,0.0
0.87,0.0
0.87,0.0
0.88,0.0
0.87,0.0
0.87,0.0
0.88,0.0
0.86,0.0
0.87,0.0
0.88,0.0
0.88,0.0
0.87,0.0
0.87,0.0
0.88,0.0
0.87,0.0
0.87,0.0
0.88,0.0
0.87,0.0
0.87,0.0
0.88,0.0
0.88,0.0
0.87,0.0
0.87,0.0
0.88,0.0
0.87,0.0
0.87,0.0
0.87,0.0
0.88,0.0
0.87,0.0
0.87,0.0
0.88,0.0
0.87,0.0
0.87,0.0
0.88,0.0
0.88,0.0
0.87,0.0
0.87,0.0
0.88,0.0
0.87,0.0
0.87,0.0
0.88,0.0
0.87,0.0
0.87,0.0
0.87,0.0
0.88,0.0
0.87,0.0
0.87,0.0
0.88,0.0
0.86,0.0
0.87,0.0
0.88,0.0
0.88,0.0
0.87,0.0
0.87,0.0
0.88,0.0
0.87,0.0
0.87,0.0
0.88,0.0
0.88,0.0
0.87,0.0
0.87,0.0
0.88,0.0
0.87,0.0
0.87,0.0
0.88,0.0
0.87,0.0
0.87,0.0
0.87,0.0
0.88,0.0
0.87,0.0
0.87,0.0
0.88,0.0
0.87,0.0
0.87,0.0
0.88,0.0
0.88,0.0
0.87,0.0
0.87,0.0
0.88,0.0
0.86,0.0
0.87,0.0
0.88,0.0
0.88,0.0
0.87,0.0
0.87,0.0
0.88,0.0
0.87,0.0
0.87,0.0
0.88,0.0
0.87,0.0
0.87,0.0
0.88,0.0
0.88,0.0
0.87,0.0
0.87,0.0
0.88,0.0
0.87,0.0
0.87,0.0
0.88,0.0
0.88,0.0
0.87,0.0
0.87,0.0
0.88,0.0
0.87,0.0
0.87,0.0
0.88,0.0
0.87,0.0
0.87,0.0
0.88,0.0
0.88,0.0
0.87,0.0
0.87,0.0
0.87,0.0
0.87,0.0
0.87,0.0
0.88,0.0
0.88,0.0
0.87,0.0
0.87,0.0
0.88,0.0
0.87,0.0
0.87,0.0
0.88,0.0
0.87,0.0
0.87,0.0
0.88,0.0
0.88,0.0
0.87,0.0
0.87,0.0
0.88,0.0
0.87,0.0
0.87,0.0
0.88,0.0
0.88,0.0
0.87,0.0
0.87,0.0
0.88,0.0
0.87,0.0
0.87,0.0
0.88,0.0
0.87,0.0
0.87,0.0
0.87,0.0
0.88,0.0
0.87,0.0
0.87,0.0
0.88,0.0
0.86,0.0
0.87,0.0
0.88,0.0
0.88,0.0
0.87,0.0
0.87,0.0
0.88,0.0
0.87,0.0
0.87,0.0
0.88,0.0
0.88,0.0
0.87,0.0
0.87,0.0
0.88,0.0
0.87,0.0
0.87,0.0
0.88,0.0
0.87,0.0
0.87,0.0
0.88,0.0
0.88,0.0
0.87,0.0
0.86,0.0
0.88,0.0
0.87,0.0
0.87,0.0
0.87,0.0
0.88,0.0
0.87,0.0
0.87,0.0
0.88,0.0
0.87,0.0
0.87,0.0
0.88,0.0
0.87,0.0
0.87,0.0
0.87,0.0
0.88,0.0
0.87,0.0
0.87,0.0
0.88,0.0
0.87,0.0
0.87,0.0
0.87,0.0
0.88,0.0
0.87,0.0
0.87,0.0
0.87,0.0
0.87,0.0
0.87,0.0
0.88,0.0
0.88,0.0
0.87,0.0
0.87,0.0
0.88,0.0
0.87,0.0
0.87,0.0
0.88,0.0
0.87,0.0
0.87,0.0
0.87,0.0
0.88,0.0
0.87,0.0
0.87,0.0
0.88,0.0
0.87,0.0
0.87,0.0
0.87,0.0
0.88,0.0
0.87,0.0
0.87,0.0
0.88,0.0
0.87,0.0
0.87,0.0
0.88,0.0
0.88,0.0
0.87,0.0
0.87,0.0
0.88,0.0
0.87,0.0
0.87,0.0
0.88,0.0
0.87,0.0
0.87,0.0
0.87,0.0
0.88,0.0
0.87,0.0
0.87,0.0
0.88,0.0
0.87,0.0
0.87,0.0
0.88,0.0
0.87,0.0
0.87,0.0
0.87,0.0
0.88,0.0
0.87,0.0
0.87,0.0
0.88,0.0
0.87,0.0
0.87,0.0
0.87,0.0
0.88,0.0
0.87,0.0
0.87,0.0
0.87,0.0
0.87,0.0
0.87,0.0
0.87,0.0
0.88,0.0
0.87,0.0
0.87,0.0
0.88,0.0
0.87,0.0
0.87,0.0
0.88,0.0
0.88,0.0
0.87,0.0
0.87,0.0
0.88,0.0
0.87,0.0
0.86,0.0
0.88,0.0
0.86,0.0
0.87,0.0
0.87,0.0
0.88,0.0
0.87,0.0
0.87,0.0
0.88,0.0
0.87,0.0
0.87,0.0
0.88,0.0
0.88,0.0
0.87,0.0
0.87,0.0
0.88,0.0
0.87,0.0
0.87,0.0
0.88,0.0
0.87,0.0
0.87,0.0
0.87,0.0
0.88,0.0
0.87,0.0
0.87,0.0
0.88,0.0
0.87,0.0
0.87,0.0
0.88,0.0
0.88,0.0
0.87,0.0
0.87,0.0
0.88,0.0
0.87,0.0
0.87,0.0
0.88,0.0
0.87,0.0
0.87,0.0
0.87,0.0
0.88,0.0
0.87,0.0
0.87,0.0
0.88,0.0
0.87,0.0
0.87,0.0
0.88,0.0
0.88,0.0
0.87,0.0
0.87,0.0
0.88,0.0
0.87,0.0
0.87,0.0
0.88,0.0
0.87,0.0
0.87,0.0
0.87,0.0
0.88,0.0
0.87,0.0
0.87,0.0
0.88,0.0
0.87,0.0
0.87,0.0
0.87,0.0
0.88,0.0
0.87,0.0
0.87,0.0
0.88,0.0
0.87,0.0
0.87,0.0
0.88,0.0
0.88,0.0
0.87,0.0
0.87,0.0
0.88,0.0
0.87,0.0
0.87,0.0
0.88,0.0
0.87,0.0
0.87,0.0
0.88,0.0
0.88,0.0
0.87,0.0
0.87,0.0
0.88,0.0
0.87,0.0
0.87,0.0
0.87,0.0
0.88,0.0
0.87,0.0
0.87,0.0
0.88,0.0
0.87,0.0
0.87,0.0
0.88,0.0
0.87,0.0
0.87,0.0
0.87,0.0
0.88,0.0
0.87,0.0
0.87,0.0
0.88,0.0
0.87,0.0
0.87,0.0
0.88,0.0
0.88,0.0
0.86,0.0
0.87,0.0
0.88,0.0
0.87,0.0
0.87,0.0
0.88,0.0
0.88,0.0
0.87,0.0
0.87,0.0
0.88,0.0
0.87,0.0
0.87,0.0
0.88,0.0
0.87,0.0
0.87,0.0
0.87,0.0
0.88,0.0
0.87,0.0
0.86,0.0
0.87,0.0
0.87,0.0
0.87,0.0
0.88,0.0
0.88,0.0
0.87,0.0
0.87,0.0
0.88,0.0
0.87,0.0
0.87,0.0
0.88,0.0
0.87,0.0
0.87,0.0
0.87,0.0
0.88,0.0
0.87,0.0
0.87,0.0
0.88,0.0
0.86,0.0
0.87,0.0
0.88,0.0
0.88,0.0
0.87,0.0
0.87,0.0
0.88,0.0
0.87,0.0
0.87,0.0
0.88,0.0
0.88,0.0
0.87,0.0
0.87,0.0
0.88,0.0
0.87,0.0
0.87,0.0
0.88,0.0
0.87,0.0
0.87,0.0
0.87,0.0
0.88,0.0
0.87,0.0
0.87,0.0
0.88,0.0
0.87,0.0
0.87,0.0
0.88,0.0
0.88,0.0
0.87,0.0
0.87,0.0
0.88,0.0
0.87,0.0
0.87,0.0
0.88,0.0
0.87,0.0
0.87,0.0
0.87,0.0
0.88,0.0
0.87,0.0
0.87,0.0
0.88,0.0
0.87,0.0
0.87,0.0
0.87,0.0
0.88,0.0
0.87,0.0
0.87,0.0
0.88,0.0
0.87,0.0
0.87,0.0
0.88,0.0
0.88,0.0
0.87,0.0
0.87,0.0
0.88,0.0
0.87,0.0
0.87,0.0
0.88,0.0
0.88,0.0
0.87,0.0
0.88,0.0
0.88,0.0
0.87,0.0
0.87,0.0
0.88,0.0
0.87,0.0
0.87,0.0
0.87,0.0
0.88,0.0
0.87,0.0
0.87,0.0
0.88,0.0
0.87,0.0
0.87,0.0
0.88,0.0
0.87,0.0
0.87,0.0
0.87,0.0
0.88,0.0
0.87,0.0
0.86,0.0
0.88,0.0
0.87,0.0
0.87,0.0
0.87,0.0
0.88,0.0
0.86,0.0
0.87,0.0
0.88,0.0
0.87,0.0
0.87,0.0
0.88,0.0
0.88,0.0
0.87,0.0
0.87,0.0
0.88,0.0
0.87,0.0
0.87,0.0
0.88,0.0
0.87,0.0
0.87,0.0
0.87,0.0
0.88,0.0
0.87,0.0
0.87,0.0
0.88,0.0
0.87,0.0
0.87,0.0
0.88,0.0
0.88,0.0
0.87,0.0
0.87,0.0
0.87,0.0
0.87,0.0
0.87,0.0
0.88,0.0
0.88,0.0
0.87,0.0
0.87,0.0
0.88,0.0
0.87,0.0
0.87,0.0
0.88,0.0
0.87,0.0
0.87,0.0
0.87,0.0
0.87,0.0
0.87,0.0
0.87,0.0
0.88,0.0
0.87,0.0
0.87,0.0
0.88,0.0
0.87,0.0
0.87,0.0
0.87,0.0
0.88,0.0
0.87,0.0
0.87,0.0
0.88,0.0
0.87,0.0
0.87,0.0
0.87,0.0
0.88,0.0
0.87,0.0
0.86,0.0
0.87,0.0
0.87,0.0
0.87,0.0
0.88,0.0
0.88,0.0
0.87,0.0
0.87,0.0
0.88,0.0
0.87,0.0
0.87,0.0
0.88,0.0
0.88,0.0
0.87,0.0
0.87,0.0
0.88,0.0
0.87,0.0
0.86,0.0
0.88,0.0
0.86,0.0
0.87,0.0
0.88,0.0
0.88,0.0
0.87,0.0
0.87,0.0
0.88,0.0
0.87,0.0
0.87,0.0
0.88,0.0
0.88,0.0
0.87,0.0
0.87,0.0
0.88,0.0
0.87,0.0
0.86,0.0
0.88,0.0
0.87,0.0
0.87,0.0
0.87,0.0
0.88,0.0
0.87,0.0
0.87,0.0
0.88,0.0
0.87,0.0
0.87,0.0
0.87,0.0
0.88,0.0
0.87,0.0
0.87,0.0
0.88,0.0
0.88,0.0
0.87,0.0
0.88,0.0
0.87,0.0
0.87,0.0
0.87,0.0
0.88,0.0
0.87,0.0
0.87,0.0
0.88,0.0
0.87,0.0
0.87,0.0
0.87,0.0
0.88,0.0
0.87,0.0
0.87,0.0
0.88,0.0
0.87,0.0
0.87,0.0
0.88,0.0
0.87,0.0
0.86,0.0
0.87,0.0
0.88,0.0
0.87,0.0
0.87,0.0
0.88,0.0
0.87,0.0
0.87,0.0
0.88,0.0
0.88,0.0
0.87,0.0
0.87,0.0
0.88,0.0
0.86,0.0
0.87,0.0
0.88,0.0
0.88,0.0
0.87,0.0
0.87,0.0
0.88,0.0
0.87,0.0
0.87,0.0
0.88,0.0
0.88,0.0
0.87,0.0
0.87,0.0
0.88,0.0
0.87,0.0
0.87,0.0
0.87,0.0
0.87,0.0
0.87,0.0
0.87,0.0
0.88,0.0
0.87,0.0
0.87,0.0
0.88,0.0
0.87,0.0
0.87,0.0
0.88,0.0
0.88,0.0
0.87,0.0
0.87,0.0
0.88,0.0
0.87,0.0
0.87,0.0
0.88,0.0
0.87,0.0
0.87,0.0
0.87,0.0
0.87,0.0
0.86,0.0
0.87,0.0
0.88,0.0
0.87,0.0
0.87,0.0
0.88,0.0
0.88,0.0
0.87,0.0
0.87,0.0
0.88,0.0
0.87,0.0
0.87,0.0
0.88,0.0
0.87,0.0
0.87,0.0
0.87,0.0
0.88,0.0
0.87,0.0
0.86,0.0
0.87,0.0
0.87,0.0
0.87,0.0
0.88,0.0
0.88,0.0
0.87,0.0
0.87,0.0
0.88,0.0
0.87,0.0
0.87,0.0
0.88,0.0
0.87,0.0
0.87,0.0
0.88,0.0
0.88,0.0
0.87,0.0
0.87,0.0
0.87,0.0
0.87,0.0
0.87,0.0
0.87,0.0
0.87,0.0
0.87,0.0
0.87,0.0
0.88,0.0
0.87,0.0
0.87,0.0
0.88,0.0
0.88,0.0
0.87,0.0
0.87,0.0
0.88,0.0
0.87,0.0
0.87,0.0
0.88,0.0
0.88,0.0
0.87,0.0
0.87,0.0
0.88,0.0
0.87,0.0
0.87,0.0
0.88,0.0
0.87,0.0
0.86,0.0
0.88,0.0
0.88,0.0
0.87,0.0
0.87,0.0
0.88,0.0
0.87,0.0
0.87,0.0
0.88,0.0
0.88,0.0
0.87,0.0
0.87,0.0
0.88,0.0
0.87,0.0
0.87,0.0
0.88,0.0
0.87,0.0
0.87,0.0
0.87,0.0
0.88,0.0
0.87,0.0
0.87,0.0
0.88,0.0
0.87,0.0
0.87,0.0
0.88,0.0
0.88,0.0
0.87,0.0
0.87,0.0
0.87,0.0
0.87,0.0
0.87,0.0
0.88,0.0
0.88,0.0
0.87,0.0
0.87,0.0
0.88,0.0
0.86,0.0
0.87,0.0
0.87,0.0
0.86,0.0
0.87,0.0
0.87,0.0
0.87,0.0
0.87,0.0
0.87,0.0
0.88,0.0
0.87,0.0
0.87,0.0
0.87,0.0
0.88,0.0
0.87,0.0
0.87,0.0
0.88,0.0
0.87,0.0
0.87,0.0
0.88,0.0
0.87,0.0
0.87,0.0
0.87,0.0
0.88,0.0
0.87,0.0
0.87,0.0
0.88,0.0
0.87,0.0
0.87,0.0
0.88,0.0
0.87,0.0
0.87,0.0
0.87,0.0
0.88,0.0
0.87,0.0
0.87,0.0
0.88,0.0
0.87,0.0
0.87,0.0
0.87,0.0
0.88,0.0
0.87,0.0
0.87,0.0
0.88,0.0
0.87,0.0
0.87,0.0
0.88,0.0
0.88,0.0
0.87,0.0
0.87,0.0
0.88,0.0
0.87,0.0
0.87,0.0
0.88,0.0
0.87,0.0
0.87,0.0
0.87,0.0
0.88,0.0
0.87,0.0
0.87,0.0
0.87,0.0
0.87,0.0
0.87,0.0
0.88,0.0
0.88,0.0
0.87,0.0
0.87,0.0
0.87,0.0
0.87,0.0
0.87,0.0
0.87,0.0
0.88,0.0
0.87,0.0
0.87,0.0
0.88,0.0
0.87,0.0
0.87,0.0
0.88,0.0
0.87,0.0
0.87,0.0
0.88,0.0
0.88,0.0
0.87,0.0
0.87,0.0
0.88,0.0
0.87,0.0
0.87,0.0
0.88,0.0
0.88,0.0
0.87,0.0
0.87,0.0
0.88,0.0
0.87,0.0
0.87,0.0
0.88,0.0
0.87,0.0
0.87,0.0
0.87,0.0
0.88,0.0
0.87,0.0
0.87,0.0
0.88,0.0
0.87,0.0
0.87,0.0
0.88,0.0
0.87,0.0
0.87,0.0
0.87,0.0
0.88,0.0
0.87,0.0
0.87,0.0
0.88,0.0
0.87,0.0
0.87,0.0
0.87,0.0
0.88,0.0
0.87,0.0
0.87,0.0
0.88,0.0
0.87,0.0
0.87,0.0
0.87,0.0
0.88,0.0
0.87,0.0
0.87,0.0
0.88,0.0
0.87,0.0
0.87,0.0
0.88,0.0
0.88,0.0
0.87,0.0
0.87,0.0
0.88,0.0
0.87,0.0
0.87,0.0
0.88,0.0
0.87,0.0
0.87,0.0
0.87,0.0
0.88,0.0
0.87,0.0
0.87,0.0
0.88,0.0
0.86,0.0
0.87,0.0
0.87,0.0
0.88,0.0
0.87,0.0
0.87,0.0
0.88,0.0
0.87,0.0
0.87,0.0
0.88,0.0
0.87,0.0
0.87,0.0
0.87,0.0
0.88,0.0
0.87,0.0
0.87,0.0
0.88,0.0
0.87,0.0
0.87,0.0
0.88,0.0
0.88,0.0
0.87,0.0
0.87,0.0
0.88,0.0
0.87,0.0
0.87,0.0
0.88,0.0
0.88,0.0
0.87,0.0
0.87,0.0
0.88,0.0
0.87,0.0
0.87,0.0
0.88,0.0
0.87,0.0
0.87,0.0
0.87,0.0
0.88,0.0
0.87,0.0
0.87,0.0
0.88,0.0
0.87,0.0
0.87,0.0
0.87,0.0
0.88,0.0
0.87,0.0
0.87,0.0
0.88,0.0
0.87,0.0
0.87,0.0
0.87,0.0
0.88,0.0
0.87,0.0
0.87,0.0
0.88,0.0
0.87,0.0
0.86,0.0
0.88,0.0
0.87,0.0
0.87,0.0
0.88,0.0
0.88,0.0
0.87,0.0
0.86,0.0
0.88,0.0
0.87,0.0
0.86,0.0
0.88,0.0
0.88,0.0
0.87,0.0
0.87,0.0
0.88,0.0
0.87,0.0
0.87,0.0
0.88,0.0
0.87,0.0
0.87,0.0
0.87,0.0
0.88,0.0
0.87,0.0
0.87,0.0
0.88,0.0
0.87,0.0
0.87,0.0
0.88,0.0
0.88,0.0
0.87,0.0
0.87,0.0
0.88,0.0
0.87,0.0
0.87,0.0
0.88,0.0
0.88,0.0
0.87,0.0
0.87,0.0
0.88,0.0
0.87,0.0
0.87,0.0
0.88,0.0
0.86,0.0
0.86,0.0
0.87,0.0
0.88,0.0
0.87,0.0
0.87,0.0
0.88,0.0
0.87,0.0
0.87,0.0
0.87,0.0
0.88,0.0
0.87,0.0
0.87,0.0
0.88,0.0
0.87,0.0
0.87,0.0
0.88,0.0
0.87,0.0
0.87,0.0
0.87,0.0
0.88,0.0
0.87,0.0
0.87,0.0
0.88,0.0
0.86,0.0
0.86,0.0
0.88,0.0
0.88,0.0
0.87,0.0
0.87,0.0
0.88,0.0
0.87,0.0
0.87,0.0
0.87,0.0
0.88,0.0
0.87,0.0
0.88,0.0
0.88,0.0
0.87,0.0
0.87,0.0
0.88,0.0
0.87,0.0
0.87,0.0
0.88,0.0
0.88,0.0
0.87,0.0
0.87,0.0
0.88,0.0
0.87,0.0
0.87,0.0
0.88,0.0
0.88,0.0
0.87,0.0
0.87,0.0
0.88,0.0
0.87,0.0
0.87,0.0
0.88,0.0
0.87,0.0
0.87,0.0
0.87,0.0
0.88,0.0
0.86,0.0
0.87,0.0
0.88,0.0
0.87,0.0
0.87,0.0
0.87,0.0
0.88,0.0
0.87,0.0
0.87,0.0
0.88,0.0
0.87,0.0
0.87,0.0
0.87,0.0
0.87,0.0
0.87,0.0
0.87,0.0
0.88,0.0
0.87,0.0
0.87,0.0
0.88,0.0
0.87,0.0
0.87,0.0
0.88,0.0
0.88,0.0
0.87,0.0
0.87,0.0
0.88,0.0
0.87,0.0
0.87,0.0
0.88,0.0
0.88,0.0
0.87,0.0
0.87,0.0
0.88,0.0
0.87,0.0
0.87,0.0
0.88,0.0
0.87,0.0
0.87,0.0
0.87,0.0
0.88,0.0
0.87,0.0
0.87,0.0
0.87,0.0
0.86,0.0
0.87,0.0
0.87,0.0
0.88,0.0
0.87,0.0
0.87,0.0
0.88,0.0
0.87,0.0
0.87,0.0
0.88,0.0
0.87,0.0
0.87,0.0
0.88,0.0
0.88,0.0
0.87,0.0
0.87,0.0
0.88,0.0
0.86,0.0
0.87,0.0
0.88,0.0
0.88,0.0
0.87,0.0
0.87,0.0
0.88,0.0
0.87,0.0
0.87,0.0
0.88,0.0
0.88,0.0
0.87,0.0
0.87,0.0
0.88,0.0
0.87,0.0
0.87,0.0
0.88,0.0
0.88,0.0
0.87,0.0
0.87,0.0
0.88,0.0
0.87,0.0
0.87,0.0
0.88,0.0
0.87,0.0
0.87,0.0
0.88,0.0
0.87,0.0
0.87,0.0
0.87,0.0
0.88,0.0
0.86,0.0
0.87,0.0
0.87,0.0
0.88,0.0
0.87,0.0
0.87,0.0
0.88,0.0
0.87,0.0
0.87,0.0
0.88,0.0
0.87,0.0
0.87,0.0
0.88,0.0
0.88,0.0
0.87,0.0
0.87,0.0
0.88,0.0
0.87,0.0
0.86,0.0
0.88,0.0
0.88,0.0
0.87,0.0
0.87,0.0
0.88,0.0
0.87,0.0
0.87,0.0
0.88,0.0
0.87,0.0
0.87,0.0
0.87,0.0
0.88,0.0
0.87,0.0
0.87,0.0
0.88,0.0
0.86,0.0
0.87,0.0
0.88,0.0
0.87,0.0
0.87,0.0
0.87,0.0
0.88,0.0
0.87,0.0
0.87,0.0
0.88,0.0
0.88,0.0
0.87,0.0
0.87,0.0
0.88,0.0
0.87,0.0
0.87,0.0
0.88,0.0
0.87,0.0
0.87,0.0
0.88,0.0
0.87,0.0
0.87,0.0
0.86,0.0
0.88,0.0
0.87,0.0
0.87,0.0
0.88,0.0
0.88,0.0
0.86,0.0
0.87,0.0
0.88,0.0
0.87,0.0
0.87,0.0
0.88,0.0
0.87,0.0
0.87,0.0
0.87,0.0
0.88,0.0
0.87,0.0
0.87,0.0
0.88,0.0
0.86,0.0
0.87,0.0
0.88,0.0
0.88,0.0
0.87,0.0
0.87,0.0
0.88,0.0
0.87,0.0
0.87,0.0
0.88,0.0
0.87,0.0
0.87,0.0
0.87,0.0
0.88,0.0
0.87,0.0
0.87,0.0
0.88,0.0
0.86,0.0
0.87,0.0
0.87,0.0
0.88,0.0
0.87,0.0
0.87,0.0
0.88,0.0
0.87,0.0
0.87,0.0
0.88,0.0
0.87,0.0
0.87,0.0
0.87,0.0
0.88,0.0
0.87,0.0
0.87,0.0
0.88,0.0
0.87,0.0
0.87,0.0
0.87,0.0
0.88,0.0
0.87,0.0
0.86,0.0
0.88,0.0
0.86,0.0
0.87,0.0
0.88,0.0
0.88,0.0
0.87,0.0
0.87,0.0
0.88,0.0
0.87,0.0
0.87,0.0
0.88,0.0
0.88,0.0
0.87,0.0
0.87,0.0
0.88,0.0
0.87,0.0
0.87,0.0
0.88,0.0
0.86,0.0
0.87,0.0
0.87,0.0
0.88,0.0
0.87,0.0
0.87,0.0
0.88,0.0
0.87,0.0
0.87,0.0
0.88,0.0
0.87,0.0
0.87,0.0
0.87,0.0
0.88,0.0
0.87,0.0
0.87,0.0
0.88,0.0
0.87,0.0
0.87,0.0
0.88,0.0
0.88,0.0
0.87,0.0
0.87,0.0
0.87,0.0
0.87,0.0
0.87,0.0
0.88,0.0
0.88,0.0
0.87,0.0
0.87,0.0
0.88,0.0
0.87,0.0
0.87,0.0
0.88,0.0
0.88,0.0
0.87,0.0
0.87,0.0
0.88,0.0
0.87,0.0
0.87,0.0
0.88,0.0
0.87,0.0
0.86,0.0
0.88,0.0
0.88,0.0
0.87,0.0
0.87,0.0
0.88,0.0
0.87,0.0
0.87,0.0
0.88,0.0
0.87,0.0
0.87,0.0
0.87,0.0
0.88,0.0
0.87,0.0
0.87,0.0
0.88,0.0
0.87,0.0
0.87,0.0
0.87,0.0
0.88,0.0
0.87,0.0
0.86,0.0
0.88,0.0
0.86,0.0
0.87,0.0
0.88,0.0
0.88,0.0
0.87,0.0
0.87,0.0
0.87,0.0
0.87,0.0
0.87,0.0
0.88,0.0
0.87,0.0
0.87,0.0
0.87,0.0
0.88,0.0
0.87,0.0
0.87,0.0
0.88,0.0
0.87,0.0
0.87,0.0
0.87,0.0
0.88,0.0
0.87,0.0
0.87,0.0
0.88,0.0
0.87,0.0
0.87,0.0
0.88,0.0
0.88,0.0
0.87,0.0
0.87,0.0
0.88,0.0
0.87,0.0
0.87,0.0
0.88,0.0
0.87,0.0
0.87,0.0
0.87,0.0
0.88,0.0
0.87,0.0
0.87,0.0
0.88,0.0
0.86,0.0
0.87,0.0
0.88,0.0
0.88,0.0
0.87,0.0
0.87,0.0
0.88,0.0
0.87,0.0
0.87,0.0
0.88,0.0
0.87,0.0
0.87,0.0
0.87,0.0
0.88,0.0
0.87,0.0
0.87,0.0
0.88,0.0
0.87,0.0
0.87,0.0
0.87,0.0
0.88,0.0
0.87,0.0
0.87,0.0
0.88,0.0
0.87,0.0
0.87,0.0
0.87,0.0
0.88,0.0
0.87,0.0
0.87,0.0
0.88,0.0
0.87,0.0
0.87,0.0
0.88,0.0
0.87,0.0
0.87,0.0
0.87,0.0
0.88,0.0
0.87,0.0
0.86,0.0
0.88,0.0
0.87,0.0
0.87,0.0
0.88,0.0
0.88,0.0
0.87,0.0
0.87,0.0
0.88,0.0
0.87,0.0
0.87,0.0
0.88,0.0
0.88,0.0
0.87,0.0
0.88,0.0
0.87,0.0
0.87,0.0
0.87,0.0
0.88,0.0
0.87,0.0
0.87,0.0
0.87,0.0
0.88,0.0
0.87,0.0
0.87,0.0
0.88,0.0
0.87,0.0
0.87,0.0
0.88,0.0
0.88,0.0
0.87,0.0
0.87,0.0
0.88,0.0
0.87,0.0
0.87,0.0
0.88,0.0
0.87,0.0
0.87,0.0
0.87,0.0
0.87,0.0
0.87,0.0
0.86,0.0
0.88,0.0
0.86,0.0
0.87,0.0
0.88,0.0
0.88,0.0
0.87,0.0
0.87,0.0
0.88,0.0
0.86,0.0
0.87,0.0
0.88,0.0
0.87,0.0
0.87,0.0
0.88,0.0
0.87,16.0
0.87,30.0
0.86,78.0
0.87,128.0
0.86,150.0
0.86,180.0
0.86,186.0
0.87,174.0
0.86,154.0
0.86,104.0
0.87,40.0
0.87,16.0
0.87,68.0
0.87,138.0
0.86,160.0
0.86,184.0
0.86,186.0
0.87,160.0
0.86,144.0
0.86,104.0
0.87,62.0
0.87,46.0
0.87,10.0
0.88,0.0
0.88,0.0
0.86,0.0
0.86,0.0
0.88,0.0
0.87,0.0
0.87,0.0
0.87,0.0
0.88,0.0
0.87,0.0
0.87,0.0
0.88,0.0
0.87,0.0
0.87,0.0
0.88,0.0
0.88,0.0
0.87,0.0
0.87,0.0
0.88,0.0
0.87,0.0
0.86,0.0
0.88,0.0
0.87,0.0
0.87,0.0
0.88,0.0
0.88,0.0
0.87,0.0
0.87,0.0
0.88,0.0
0.87,0.0
0.87,0.0
0.88,0.0
0.88,0.0
0.87,0.0
0.87,0.0
0.88,0.0
0.87,0.0
0.87,0.0
0.88,0.0
0.87,0.0
0.87,0.0
0.87,0.0
0.88,0.0
0.87,0.0
0.87,0.0
0.88,0.0
0.86,0.0
0.87,0.0
0.87,0.0
0.88,0.0
0.87,0.0
0.87,0.0
0.88,0.0
0.87,0.0
0.87,0.0
0.87,0.0
0.87,0.0
0.87,0.0
0.87,0.0
0.88,0.0
0.87,0.0
0.87,0.0
0.88,0.0
0.87,0.0
0.87,0.0
0.88,0.0
0.87,0.0
0.87,0.0
0.87,0.0
0.88,0.0
0.87,0.0
0.87,0.0
0.88,0.0
0.88,0.0
0.86,0.0
0.87,0.0
0.88,0.0
0.87,0.0
0.87,0.0
0.88,0.0
0.88,0.0
0.87,0.0
0.87,0.0
0.88,0.0
0.87,0.0
0.86,0.0
0.88,0.0
0.86,0.0
0.87,0.0
0.87,0.0
0.88,0.0
0.87,0.0
0.87,0.0
0.88,0.0
0.87,0.0
0.87,0.0
0.88,0.0
0.88,0.0
0.87,0.0
0.87,0.0
0.88,0.0
0.87,0.0
0.87,0.0
0.88,0.0
0.87,0.0
0.87,0.0
0.88,0.0
0.88,0.0
0.87,0.0
0.87,0.0
0.88,0.0
0.87,0.0
0.87,0.0
0.88,0.0
0.88,0.0
0.87,0.0
0.87,0.0
0.88,0.0
0.87,0.0
0.87,0.0
0.88,0.0
0.87,0.0
0.87,0.0
0.87,0.0
0.87,0.0
0.87,0.0
0.87,0.0
0.87,0.0
0.87,0.0
0.87,0.0
0.88,0.0
0.88,0.0
0.87,0.0
0.87,0.0
0.88,0.0
0.87,0.0
0.87,0.0
0.88,0.0
0.88,0.0
0.87,0.0
0.87,0.0
0.88,0.0
0.87,0.0
0.86,0.0
0.87,0.0
0.87,0.0
0.87,0.0
0.87,0.0
0.88,0.0
0.87,0.0
0.87,0.0
0.88,0.0
0.87,0.0
0.87,0.0
0.88,0.0
0.88,0.0
0.87,0.0
0.87,0.0
0.88,0.0
0.87,0.0
0.87,0.0
0.88,0.0
0.87,0.0
0.87,0.0
0.87,0.0
0.88,0.0
0.87,0.0
0.86,0.0
0.88,0.0
0.86,0.0
0.87,0.0
0.87,0.0
0.88,0.0
0.87,0.0
0.87,0.0
0.88,0.0
0.87,0.0
0.87,0.0
0.88,0.0
0.87,0.0
0.87,0.0
0.87,0.0
0.88,0.0
0.87,0.0
0.87,0.0
0.88,0.0
0.87,0.0
0.87,0.0
0.88,0.0
0.88,0.0
0.87,0.0
0.87,0.0
0.88,0.0
0.87,0.0
0.87,0.0
0.88,0.0
0.87,0.0
0.87,0.0
0.87,0.0
0.88,0.0
0.87,0.0
0.87,0.0
0.88,0.0
0.87,0.0
0.87,0.0
0.87,0.0
0.88,0.0
0.87,0.0
0.87,0.0
0.88,0.0
0.87,0.0
0.87,0.0
0.88,0.0
0.88,0.0
0.87,0.0
0.87,0.0
0.88,0.0
0.87,0.0
0.87,0.0
0.88,0.0
0.87,0.0
0.86,0.0
0.87,0.0
0.88,0.0
0.87,0.0
0.86,0.0
0.88,0.0
0.87,0.0
0.87,0.0
0.88,0.0
0.88,0.0
0.87,0.0
0.87,0.0
0.88,0.0
0.87,0.0
0.87,0.0
0.88,0.0
0.88,0.0
0.87,0.0
0.87,0.0
0.88,0.0
0.87,0.0
0.87,0.0
0.88,0.0
0.87,0.0
0.87,0.0
0.87,0.0
0.88,0.0
0.87,0.0
0.87,0.0
0.88,0.0
0.86,0.0
0.87,0.0
0.88,0.0
0.88,0.0
0.87,0.0
0.87,0.0
0.88,0.0
0.87,0.0
0.87,0.0
0.88,0.0
0.88,0.0
0.87,0.0
0.87,0.0
0.88,0.0
0.87,0.0
0.86,0.0
0.88,0.0
0.87,0.0
0.87,0.0
0.88,0.0
0.87,0.0
0.87,0.0
0.87,0.0
0.88,0.0
0.87,6.0
0.87,32.0
0.87,68.0
0.87,88.0
0.86,124.0
0.86,144.0
0.86,148.0
0.86,144.0
0.86,128.0
0.87,98.0
0.87,78.0
0.86,30.0
0.87,16.0
0.88,58.0
0.87,82.0
0.86,118.0
0.87,138.0
0.86,140.0
0.86,140.0
0.86,128.0
0.87,104.0
0.86,88.0
0.86,56.0
0.87,22.0
0.87,14.0
0.86,0.0
0.88,0.0
0.88,0.0
0.87,0.0
0.87,0.0
0.88,0.0
0.87,0.0
0.86,0.0
0.88,0.0
0.87,0.0
0.87,0.0
0.87,0.0
0.87,0.0
0.87,0.0
0.87,0.0
0.88,0.0
0.87,0.0
0.87,0.0
0.88,0.0
0.88,0.0
0.87,0.0
0.87,0.0
0.88,0.0
0.87,0.0
0.87,0.0
0.88,0.0
0.87,0.0
0.87,0.0
0.88,0.0
0.88,0.0
0.87,0.0
0.86,0.0
0.88,0.0
0.87,0.0
0.87,0.0
0.88,0.0
0.88,0.0
0.87,0.0
0.87,0.0
0.88,0.0
0.87,0.0
0.86,0.0
0.88,0.0
0.88,0.0
0.87,0.0
0.87,0.0
0.88,0.0
0.87,0.0
0.87,0.0
0.88,0.0
0.87,0.0
0.87,0.0
0.88,0.0
0.88,0.0
0.87,0.0
0.87,0.0
0.88,0.0
0.87,0.0
0.87,0.0
0.88,0.0
0.88,0.0
0.87,0.0
0.87,0.0
0.88,0.0
0.87,0.0
0.87,0.0
0.88,0.0
0.88,0.0
0.87,0.0
0.87,0.0
0.88,0.0
0.87,0.0
0.87,0.0
0.88,0.0
0.87,0.0
0.87,0.0
0.87,0.0
0.88,0.0
0.87,0.0
0.87,0.0
0.88,0.0
0.87,0.0
0.87,0.0
0.87,0.0
0.88,0.0
0.87,0.0
0.87,0.0
0.88,0.0
0.87,0.0
0.87,0.0
0.88,0.0
0.87,0.0
0.87,0.0
0.88,0.0
0.88,0.0
0.87,0.0
0.87,0.0
0.88,0.0
0.87,0.0
0.87,0.0
0.88,0.0
0.88,0.0
0.87,0.0
0.88,0.0
0.88,0.0
0.87,0.0
0.87,0.0
0.88,0.0
0.87,0.0
0.87,0.0
0.87,0.0
0.88,0.0
0.87,0.0
0.87,0.0
0.88,0.0
0.87,0.0
0.87,0.0
0.88,0.0
0.88,0.0
0.87,0.0
0.87,0.0
0.88,0.0
0.87,0.0
0.87,0.0
0.88,0.0
0.88,0.0
0.87,0.0
0.87,0.0
0.88,0.0
0.87,0.0
0.86,0.0
0.88,0.0
0.87,0.0
0.87,0.0
0.87,0.0
0.87,0.0
0.86,0.0
0.87,0.0
0.88,0.0
0.86,0.0
0.87,0.0
0.88,0.0
0.88,0.0
0.87,0.0
0.87,0.0
0.88,0.0
0.87,0.0
0.87,0.0
0.88,0.0
0.87,0.0
0.87,0.0
0.87,0.0
0.88,0.0
0.87,0.0
0.87,0.0
0.88,0.0
0.87,0.0
0.87,0.0
0.88,0.0
0.88,0.0
0.87,0.0
0.87,0.0
0.88,0.0
0.87,0.0
0.87,0.0
0.88,0.0
0.88,0.0
0.87,0.0
0.87,0.0
0.88,0.0
0.87,0.0
0.87,0.0
0.88,0.0
0.87,0.0
0.87,0.0
0.87,0.0
0.87,0.0
0.87,0.0
0.87,0.0
0.88,0.0
0.87,0.0
0.87,0.0
0.88,0.0
0.87,0.0
0.87,0.0
0.87,0.0
0.88,0.0
0.87,0.0
0.87,0.0
0.88,0.0
0.87,0.0
0.87,0.0
0.87,0.0
0.88,0.0
0.87,0.0
0.86,0.0
0.88,0.0
0.87,0.0
0.87,0.0
0.88,0.0
0.88,0.0
0.87,0.0
0.87,0.0
0.88,0.0
0.87,0.0
0.87,0.0
0.88,0.0
0.87,0.0
0.87,0.0
0.87,0.0
0.88,0.0
0.87,0.0
0.87,0.0
0.88,0.0
0.87,0.0
0.87,0.0
0.87,0.0
0.87,0.0
0.86,0.0
0.87,0.0
0.88,0.0
0.87,0.0
0.87,0.0
0.88,0.0
0.88,0.0
0.87,0.0
0.87,0.0
0.88,0.0
0.87,0.0
0.87,0.0
0.88,0.0
0.87,0.0
0.87,0.0
0.88,0.0
0.88,0.0
0.87,0.0
0.87,0.0
0.87,0.0
0.86,0.0
0.87,0.0
0.87,0.0
0.88,0.0
0.87,0.0
0.87,0.0
0.88,0.0
0.87,0.0
0.87,0.0
0.87,0.0
0.87,0.0
0.87,0.0
0.87,0.0
0.88,0.0
0.87,0.0
0.87,0.0
0.88,0.0
0.87,0.0
0.87,0.0
0.87,0.0
0.88,0.0
0.87,0.0
0.87,0.0
0.88,0.0
0.87,0.0
0.87,4.0
0.88,20.0
0.88,32.0
0.86,66.0
0.87,96.0
0.87,122.0
0.86,132.0
0.86,140.0
0.87,138.0
0.87,132.0
0.86,108.0
0.87,82.0
0.87,56.0
0.87,40.0
0.86,10.0
0.88,46.0
0.86,66.0
0.86,102.0
0.87,124.0
0.87,134.0
0.86,134.0
0.86,128.0
0.87,114.0
0.86,104.0
0.86,86.0
0.87,62.0
0.87,50.0
0.87,26.0
0.87,6.0
0.88,0.0
0.87,0.0
0.87,0.0
0.88,0.0
0.87,0.0
0.87,0.0
0.87,0.0
0.88,0.0
0.87,0.0
0.87,0.0
0.88,0.0
0.87,0.0
0.87,0.0
0.87,0.0
0.88,0.0
0.87,0.0
0.87,0.0
0.88,0.0
0.87,0.0
0.87,0.0
0.88,0.0
0.87,0.0
0.87,0.0
0.87,0.0
0.88,0.0
0.87,0.0
0.87,0.0
0.88,0.0
0.87,0.0
0.87,0.0
0.87,0.0
0.88,0.0
0.87,0.0
0.87,0.0
0.88,0.0
0.87,0.0
0.87,0.0
0.88,0.0
0.88,0.0
0.87,0.0
0.87,0.0
0.88,0.0
0.86,0.0
0.87,0.0
0.88,0.0
0.87,0.0
0.87,0.0
0.87,0.0
0.88,0.0
0.86,0.0
0.87,0.0
0.87,0.0
0.87,0.0
0.87,0.0
0.88,0.0
0.88,0.0
0.87,0.0
0.87,0.0
0.87,0.0
0.87,0.0
0.87,0.0
0.88,0.0
0.88,0.0
0.87,0.0
0.87,0.0
0.88,0.0
0.87,0.0
0.86,0.0
0.88,0.0
0.87,0.0
0.87,0.0
0.87,0.0
0.88,0.0
0.87,0.0
0.87,0.0
0.88,0.0
0.87,0.0
0.87,0.0
0.88,0.0
0.87,0.0
0.87,0.0
0.87,0.0
0.88,0.0
0.87,0.0
0.87,0.0
0.88,0.0
0.87,0.0
0.87,0.0
0.87,0.0
0.88,0.0
0.87,0.0
0.87,0.0
0.88,0.0
0.87,0.0
0.87,0.0
0.88,0.0
0.88,0.0
0.87,0.0
0.87,0.0
0.88,0.0
0.87,0.0
0.87,0.0
0.88,0.0
0.87,0.0
0.87,0.0
0.87,0.0
0.88,0.0
0.87,0.0
0.87,0.0
0.88,0.0
0.87,0.0
0.87,0.0
0.87,0.0
0.88,0.0
0.87,0.0
0.87,0.0
0.87,0.0
0.87,0.0
0.87,0.0
0.88,0.0
0.88,0.0
0.86,0.0
0.87,0.0
0.88,0.0
0.87,0.0
0.87,0.0
0.88,0.0
0.87,0.0
0.87,0.0
0.88,0.0
0.88,0.0
0.87,0.0
0.87,0.0
0.88,0.0
0.87,0.0
0.87,0.0
0.88,0.0
0.88,0.0
0.87,0.0
0.87,0.0
0.88,0.0
0.87,0.0
0.87,0.0
0.88,0.0
0.87,0.0
0.87,0.0
0.87,0.0
0.88,0.0
0.87,0.0
0.87,0.0
0.88,0.0
0.87,0.0
0.87,0.0
0.87,0.0
0.88,0.0
0.87,0.0
0.87,0.0
0.88,0.0
0.87,0.0
0.87,0.0
0.88,0.0
0.88,0.0
0.87,0.0
0.87,0.0
0.88,0.0
0.87,0.0
0.87,0.0
0.88,0.0
0.87,0.0
0.87,0.0
0.87,0.0
0.88,0.0
0.87,0.0
0.86,0.0
0.88,0.0
0.87,0.0
0.87,0.0
0.88,0.0
0.88,0.0
0.86,0.0
0.87,0.0
0.88,0.0
0.87,0.0
0.87,0.0
0.88,0.0
0.87,0.0
0.87,0.0
0.87,0.0
0.88,0.0
0.87,0.0
0.87,0.0
0.88,0.0
0.87,0.0
0.87,0.0
0.88,0.0
0.88,0.0
0.87,0.0
0.87,0.0
0.88,0.0
0.87,0.0
0.87,0.0
0.88,0.0
0.88,0.0
0.87,0.0
0.87,0.0
0.87,0.0
0.87,0.0
0.87,0.0
0.88,0.0
0.87,0.0
0.87,0.0
0.87,0.0
0.88,0.0
0.87,0.0
0.87,0.0
0.88,0.0
0.87,0.0
0.87,0.0
0.88,0.0
0.88,0.0
0.87,0.0
0.88,0.0
0.88,0.0
0.87,0.0
0.87,0.0
0.88,0.0
0.87,0.0
0.87,0.0
0.88,0.0
0.88,0.0
0.87,0.0
0.87,0.0
0.88,0.0
0.86,0.0
0.87,0.0
0.87,0.0
0.88,0.0
0.87,0.0
0.87,0.0
0.88,0.0
0.87,0.0
0.87,0.0
0.88,0.0
0.88,0.0
0.87,0.0
0.87,0.0
0.88,0.0
0.87,0.0
0.87,0.0
0.88,0.0
0.87,0.0
0.87,4.0
0.87,14.0
0.88,36.0
0.87,46.0
0.86,68.0
0.87,92.0
0.86,102.0
0.86,112.0
0.87,114.0
0.87,114.0
0.86,112.0
0.87,102.0
0.87,88.0
0.87,78.0
0.87,56.0
0.87,26.0
0.88,10.0
0.87,16.0
0.87,46.0
0.87,76.0
0.87,86.0
0.86,102.0
0.87,108.0
0.86,112.0
0.86,112.0
0.87,104.0
0.87,96.0
0.86,88.0
0.86,72.0
0.87,56.0
0.86,50.0
0.87,32.0
0.87,14.0
0.88,6.0
0.87,0.0
0.87,0.0
0.88,0.0
0.87,0.0
0.87,0.0
0.88,0.0
0.87,0.0
0.87,0.0
0.87,0.0
0.88,0.0
0.87,0.0
0.86,0.0
0.88,0.0
0.87,0.0
0.87,0.0
0.87,0.0
0.88,0.0
0.87,0.0
0.87,0.0
0.88,0.0
0.87,0.0
0.87,0.0
0.88,0.0
0.87,0.0
0.87,0.0
0.87,0.0
0.88,0.0
0.87,0.0
0.87,0.0
0.88,0.0
0.87,0.0
0.87,0.0
0.88,0.0
0.87,0.0
0.87,0.0
0.87,0.0
0.88,0.0
0.87,0.0
0.87,0.0
0.88,0.0
0.88,0.0
0.87,0.0
0.87,0.0
0.88,0.0
0.87,0.0
0.87,0.0
0.88,0.0
0.87,0.0
0.87,0.0
0.88,0.0
0.88,0.0
0.87,0.0
0.87,0.0
0.87,0.0
0.87,0.0
0.87,0.0
0.88,0.0
0.88,0.0
0.87,0.0
0.87,0.0
0.88,0.0
0.87,0.0
0.87,0.0
0.88,0.0
0.88,0.0
0.87,0.0
0.87,0.0
0.88,0.0
0.87,0.0
0.87,0.0
0.88,0.0
0.87,0.0
0.87,0.0
0.88,0.0
0.88,0.0
0.87,0.0
0.87,0.0
0.88,0.0
0.87,0.0
0.87,0.0
0.88,0.0
0.88,0.0
0.87,0.0
0.87,0.0
0.88,0.0
0.87,0.0
0.87,0.0
0.88,0.0
0.87,0.0
0.87,0.0
0.87,0.0
0.88,0.0
0.87,0.0
0.87,0.0
0.88,0.0
0.87,0.0
0.87,0.0
0.87,0.0
0.87,0.0
0.87,0.0
0.87,0.0
0.88,0.0
0.87,0.0
0.87,0.0
0.88,0.0
0.87,0.0
0.87,0.0
0.88,0.0
0.88,0.0
0.87,0.0
0.87,0.0
0.88,0.0
0.87,0.0
0.87,0.0
0.88,0.0
0.87,0.0
0.87,0.0
0.87,0.0
0.88,0.0
0.87,0.0
0.87,0.0
0.88,0.0
0.88,0.0
0.87,0.0
0.87,0.0
0.88,0.0
0.87,0.0
0.87,0.0
0.88,0.0
0.88,0.0
0.87,0.0
0.87,0.0
0.88,0.0
0.87,0.0
0.87,0.0
0.88,0.0
0.87,0.0
0.87,0.0
0.88,0.0
0.88,0.0
0.87,0.0
0.87,0.0
0.88,0.0
0.87,0.0
0.87,0.0
0.88,0.0
0.87,0.0
0.87,0.0
0.88,0.0
0.88,0.0
0.87,0.0
0.87,0.0
0.88,0.0
0.87,0.0
0.87,0.0
0.87,0.0
0.88,0.0
0.87,0.0
0.87,0.0
0.88,0.0
0.87,0.0
0.87,0.0
0.88,0.0
0.88,0.0
0.87,0.0
0.87,0.0
0.88,0.0
0.87,0.0
0.87,0.0
0.88,0.0
0.88,0.0
0.87,0.0
0.87,0.0
0.88,0.0
0.87,0.0
0.87,0.0
0.88,0.0
0.87,0.0
0.87,0.0
0.88,0.0
0.88,0.0
0.87,0.0
0.87,0.0
0.88,0.0
0.87,0.0
0.87,0.0
0.88,0.0
0.88,0.0
0.87,0.0
0.87,0.0
0.88,0.0
0.87,0.0
0.87,0.0
0.88,0.0
0.87,0.0
0.87,0.0
0.88,0.0
0.88,0.0
0.87,0.0
0.87,0.0
0.88,0.0
0.87,0.0
0.87,0.0
0.88,0.0
0.88,0.0
0.87,0.0
0.87,0.0
0.88,0.0
0.87,0.0
0.87,0.0
0.88,0.0
0.87,0.0
0.87,0.0
0.87,0.0
0.88,0.0
0.87,0.0
0.86,0.0
0.88,0.0
0.87,0.0
0.87,0.0
0.88,0.0
0.88,0.0
0.87,0.0
0.87,0.0
0.88,0.0
0.87,0.0
0.87,0.0
0.88,0.0
0.87,0.0
0.87,0.0
0.87,0.0
0.88,0.0
0.87,0.0
0.87,0.0
0.88,0.0
0.87,0.0
0.87,0.0
0.88,0.0
0.88,0.0
0.87,4.0
0.87,14.0
0.87,26.0
0.87,36.0
0.86,52.0
0.87,66.0
0.87,76.0
0.86,86.0
0.87,96.0
0.88,96.0
0.87,96.0
0.87,86.0
0.87,82.0
0.87,78.0
0.87,76.0
0.87,72.0
0.87,52.0
0.87,42.0
0.86,22.0
0.88,4.0
0.87,6.0
0.86,30.0
0.87,50.0
0.88,62.0
0.87,76.0
0.87,86.0
0.87,88.0
0.86,92.0
0.87,92.0
0.87,88.0
0.87,86.0
0.86,78.0
0.87,72.0
0.88,66.0
0.87,58.0
0.87,50.0
0.88,36.0
0.87,30.0
0.87,16.0
0.88,6.0
0.88,0.0
0.87,0.0
0.87,0.0
0.88,0.0
0.87,0.0
0.87,0.0
0.88,0.0
0.88,0.0
0.87,0.0
0.87,0.0
0.88,0.0
0.87,0.0
0.87,0.0
0.88,0.0
0.87,0.0
0.87,0.0
0.88,0.0
0.88,0.0
0.87,0.0
0.87,0.0
0.88,0.0
0.87,0.0
0.87,0.0
0.87,0.0
0.88,0.0
0.87,0.0
0.87,0.0
0.88,0.0
0.87,0.0
0.87,0.0
0.88,0.0
0.87,0.0
0.86,0.0
0.87,0.0
0.88,0.0
0.87,0.0
0.87,0.0
0.88,0.0
0.87,0.0
0.87,0.0
0.88,0.0
0.88,0.0
0.87,0.0
0.87,0.0
0.88,0.0
0.87,0.0
0.87,0.0
0.88,0.0
0.88,0.0
0.87,0.0
0.87,0.0
0.88,0.0
0.87,0.0
0.87,0.0
0.88,0.0
0.87,0.0
0.87,0.0
0.88,0.0
0.88,0.0
0.87,0.0
0.87,0.0
0.88,0.0
0.87,0.0
0.87,0.0
0.87,0.0
0.88,0.0
0.87,0.0
0.87,0.0
0.88,0.0
0.87,0.0
0.87,0.0
0.88,0.0
0.88,0.0
0.87,0.0
0.87,0.0
0.88,0.0
0.87,0.0
0.87,0.0
0.88,0.0
0.87,0.0
0.87,0.0
0.87,0.0
0.88,0.0
0.87,0.0
0.87,0.0
0.88,0.0
0.87,0.0
0.87,0.0
0.88,0.0
0.88,0.0
0.87,0.0
0.88,0.0
0.88,0.0
0.87,0.0
0.87,0.0
0.88,0.0
0.87,0.0
0.87,0.0
0.87,0.0
0.88,0.0
0.87,0.0
0.87,0.0
0.88,0.0
0.87,0.0
0.87,0.0
0.88,0.0
0.88,0.0
0.87,0.0
0.87,0.0
0.88,0.0
0.87,0.0
0.87,0.0
0.87,0.0
0.88,0.0
0.87,0.0
0.87,0.0
0.88,0.0
0.87,0.0
0.87,0.0
0.88,0.0
0.87,0.0
0.87,0.0
0.87,0.0
0.88,0.0
0.87,0.0
0.87,0.0
0.88,0.0
0.87,0.0
0.87,0.0
0.88,0.0
0.88,0.0
0.87,0.0
0.87,0.0
0.88,0.0
0.87,0.0
0.87,0.0
0.88,0.0
0.87,0.0
0.87,0.0
0.87,0.0
0.88,0.0
0.87,0.0
0.87,0.0
0.88,0.0
0.87,0.0
0.87,0.0
0.88,0.0
0.88,0.0
0.87,0.0
0.87,0.0
0.88,0.0
0.87,0.0
0.87,0.0
0.88,0.0
0.88,0.0
0.87,0.0
0.88,0.0
0.88,0.0
0.87,0.0
0.87,0.0
0.88,0.0
0.87,0.0
0.87,0.0
0.88,0.0
0.88,0.0
0.87,0.0
0.87,0.0
0.88,0.0
0.87,0.0
0.87,0.0
0.87,0.0
0.88,0.0
0.87,0.0
0.87,0.0
0.88,0.0
0.87,0.0
0.87,0.0
0.88,0.0
0.87,0.0
0.87,0.0
0.88,0.0
0.88,0.0
0.87,0.0
0.87,0.0
0.88,0.0
0.87,0.0
0.87,0.0
0.88,0.0
0.88,0.0
0.87,0.0
0.87,0.0
0.88,0.0
0.87,0.0
0.87,0.0
0.88,0.0
0.87,0.0
0.87,0.0
0.87,0.0
0.88,0.0
0.87,0.0
0.87,0.0
0.88,0.0
0.87,0.0
0.87,0.0
0.87,0.0
0.88,0.0
0.87,0.0
0.87,0.0
0.88,0.0
0.87,0.0
0.87,0.0
0.88,0.0
0.88,0.0
0.87,0.0
0.87,0.0
0.88,0.0
0.87,0.0
0.87,0.0
0.88,0.0
0.87,0.0
0.87,0.0
0.88,0.0
0.88,4.0
0.87,4.0
0.87,14.0
0.88,22.0
0.87,26.0
0.87,36.0
0.87,50.0
0.87,52.0
0.87,58.0
0.87,62.0
0.88,66.0
0.87,68.0
0.87,68.0
0.88,72.0
0.87,72.0
0.87,68.0
0.87,66.0
0.87,62.0
0.86,58.0
0.87,50.0
0.88,40.0
0.87,32.0
0.87,20.0
0.88,6.0
0.88,0.0
0.87,4.0
0.87,16.0
0.88,30.0
0.87,36.0
0.87,46.0
0.88,52.0
0.88,56.0
0.87,58.0
0.87,58.0
0.87,62.0
0.86,66.0
0.86,66.0
0.87,62.0
0.87,58.0
0.87,56.0
0.87,52.0
0.87,50.0
0.87,50.0
0.86,42.0
0.88,36.0
0.86,32.0
0.87,22.0
0.87,16.0
0.88,14.0
0.87,6.0
0.87,4.0
0.88,0.0
0.87,0.0
0.87,0.0
0.88,0.0
0.88,0.0
0.87,0.0
0.88,0.0
0.88,0.0
0.87,0.0
0.87,0.0
0.88,0.0
0.87,0.0
0.87,0.0
0.88,0.0
0.88,0.0
0.87,0.0
0.87,0.0
0.88,0.0
0.87,0.0
0.87,0.0
0.88,0.0
0.88,0.0
0.87,0.0
0.87,0.0
0.88,0.0
0.87,0.0
0.87,0.0
0.88,0.0
0.87,0.0
0.86,0.0
0.87,0.0
0.88,0.0
0.87,0.0
0.87,0.0
0.88,0.0
0.87,0.0
0.87,0.0
0.88,0.0
0.88,0.0
0.87,0.0
0.87,0.0
0.88,0.0
0.87,0.0
0.87,0.0
0.88,0.0
0.88,0.0
0.87,0.0
0.88,0.0
0.88,0.0
0.87,0.0
0.87,0.0
0.88,0.0
0.87,0.0
0.87,0.0
0.87,0.0
0.88,0.0
0.87,0.0
0.87,0.0
0.88,0.0
0.87,0.0
0.87,0.0
0.88,0.0
0.88,0.0
0.87,0.0
0.87,0.0
0.88,0.0
0.87,0.0
0.87,0.0
0.88,0.0
0.87,0.0
0.87,0.0
0.88,0.0
0.88,0.0
0.87,0.0
0.87,0.0
0.88,0.0
0.87,0.0
0.87,0.0
0.88,0.0
0.88,0.0
0.87,0.0
0.88,0.0
0.88,0.0
0.87,0.0
0.87,0.0
0.88,0.0
0.87,0.0
0.87,0.0
0.87,0.0
0.88,0.0
0.87,0.0
0.87,0.0
0.88,0.0
0.87,0.0
0.87,0.0
0.88,0.0
0.88,0.0
0.87,0.0
0.87,0.0
0.88,0.0
0.87,0.0
0.87,0.0
0.88,0.0
0.88,0.0
0.87,0.0
0.87,0.0
0.88,0.0
0.87,0.0
0.86,0.0
0.88,0.0
0.87,0.0
0.87,0.0
0.88,0.0
0.88,0.0
0.87,0.0
0.87,0.0
0.88,0.0
0.87,0.0
0.87,0.0
0.88,0.0
0.87,0.0
0.87,0.0
0.87,0.0
0.88,0.0
0.87,0.0
0.87,0.0
0.88,0.0
0.87,0.0
0.86,0.0
0.87,0.0
0.87,0.0
0.87,0.0
0.86,0.0
0.88,0.0
0.87,0.0
0.87,0.0
0.87,0.0
0.88,0.0
0.87,0.0
0.87,0.0
0.88,0.0
0.87,0.0
0.87,0.0
0.88,0.0
0.88,0.0
0.87,0.0
0.87,0.0
0.88,0.0
0.87,0.0
0.87,0.0
0.88,0.0
0.87,0.0
0.87,0.0
0.88,0.0
0.88,0.0
0.87,0.0
0.87,0.0
0.88,0.0
0.87,0.0
0.87,0.0
0.88,0.0
0.88,0.0
0.87,0.0
0.87,0.0
0.88,0.0
0.87,0.0
0.87,0.0
0.88,0.0
0.87,0.0
0.87,0.0
0.87,0.0
0.88,0.0
0.87,0.0
0.87,0.0
0.87,0.0
0.87,0.0
0.87,0.0
0.88,0.0
0.88,0.0
0.87,0.0
0.87,0.0
0.88,0.0
0.87,0.0
0.87,0.0
0.88,0.0
0.88,0.0
0.87,0.0
0.87,0.0
0.88,0.0
0.87,0.0
0.87,0.0
0.88,0.0
0.87,0.0
0.87,0.0
0.88,0.0
0.88,0.0
0.87,0.0
0.87,0.0
0.88,0.0
0.87,0.0
0.87,0.0
0.88,0.0
0.88,0.0
0.87,0.0
0.87,0.0
0.88,4.0
0.87,4.0
0.87,6.0
0.88,10.0
0.87,14.0
0.87,20.0
0.87,26.0
0.87,30.0
0.87,32.0
0.87,40.0
0.87,46.0
0.87,46.0
0.87,50.0
0.88,50.0
0.87,50.0
0.87,50.0
0.87,52.0
0.88,52.0
0.87,52.0
0.86,50.0
0.87,50.0
0.87,50.0
0.87,50.0
0.87,42.0
0.88,40.0
0.87,36.0
0.86,30.0
0.87,22.0
0.87,20.0
0.87,14.0
0.87,4.0
0.88,0.0
0.87,0.0
0.87,0.0
0.88,6.0
0.87,10.0
0.87,20.0
0.88,26.0
0.88,30.0
0.87,32.0
0.87,40.0
0.87,42.0
0.87,42.0
0.87,46.0
0.88,46.0
0.87,46.0
0.87,46.0
0.87,46.0
0.88,46.0
0.87,42.0
0.87,42.0
0.88,40.0
0.86,40.0
0.86,36.0
0.87,36.0
0.88,32.0
0.87,30.0
0.87,26.0
0.87,22.0
0.87,22.0
0.87,20.0
0.87,16.0
0.87,14.0
0.87,10.0
0.87,6.0
0.88,4.0
0.87,4.0
0.87,0.0
0.88,0.0
0.87,0.0
0.87,0.0
0.88,0.0
0.88,0.0
0.87,0.0
0.87,0.0
0.88,0.0
0.86,0.0
0.87,0.0
0.88,0.0
0.88,0.0
0.87,0.0
0.88,0.0
0.88,0.0
0.87,0.0
0.87,0.0
0.88,0.0
0.87,0.0
0.87,0.0
0.88,0.0
0.88,0.0
0.87,0.0
0.86,0.0
0.88,0.0
0.86,0.0
0.87,0.0
0.87,0.0
0.88,0.0
0.87,0.0
0.87,0.0
0.88,0.0
0.87,0.0
0.87,0.0
0.88,0.0
0.88,0.0
0.87,0.0
0.87,0.0
0.88,0.0
0.87,0.0
0.87,0.0
0.88,0.0
0.86,0.0
0.87,0.0
0.88,0.0
0.88,0.0
0.87,0.0
0.87,0.0
0.88,0.0
0.87,0.0
0.87,0.0
0.88,0.0
0.88,0.0
0.87,0.0
0.88,0.0
0.88,0.0
0.87,0.0
0.87,0.0
0.88,0.0
0.87,0.0
0.87,0.0
0.87,0.0
0.88,0.0
0.87,0.0
0.86,0.0
0.88,0.0
0.87,0.0
0.87,0.0
0.88,0.0
0.88,0.0
0.87,0.0
0.87,0.0
0.88,0.0
0.87,0.0
0.87,0.0
0.88,0.0
0.87,0.0
0.87,0.0
0.87,0.0
0.88,0.0
0.87,0.0
0.87,0.0
0.88,0.0
0.87,0.0
0.87,0.0
0.88,0.0
0.88,0.0
0.87,0.0
0.87,0.0
0.88,0.0
0.87,0.0
0.87,0.0
0.88,0.0
0.88,0.0
0.87,0.0
0.87,0.0
0.88,0.0
0.87,0.0
0.87,0.0
0.88,0.0
0.87,0.0
0.87,0.0
0.87,0.0
0.88,0.0
0.87,0.0
0.86,0.0
0.88,0.0
0.87,0.0
0.87,0.0
0.88,0.0
0.88,0.0
0.87,0.0
0.87,0.0
0.88,0.0
0.87,0.0
0.87,0.0
0.88,0.0
0.88,0.0
0.87,0.0
0.87,0.0
0.88,0.0
0.87,0.0
0.87,0.0
0.88,0.0
0.87,0.0
0.87,0.0
0.88,0.0
0.88,0.0
0.87,0.0
0.87,0.0
0.88,0.0
0.87,0.0
0.87,0.0
0.88,0.0
0.88,0.0
0.87,0.0
0.87,0.0
0.88,0.0
0.87,0.0
0.87,0.0
0.88,0.0
0.87,0.0
0.87,0.0
0.88,0.0
0.88,0.0
0.87,0.0
0.87,0.0
0.88,0.0
0.87,0.0
0.87,0.0
0.88,0.0
0.88,0.0
0.87,0.0
0.87,0.0
0.88,0.0
0.87,0.0
0.87,0.0
0.88,0.0
0.88,0.0
0.87,0.0
0.87,0.0
0.88,0.0
0.87,0.0
0.87,0.0
0.88,0.0
0.87,0.0
0.87,0.0
0.88,4.0
0.88,4.0
0.87,6.0
0.87,6.0
0.88,10.0
0.87,14.0
0.87,16.0
0.88,16.0
0.88,20.0
0.87,20.0
0.87,22.0
0.88,26.0
0.87,26.0
0.87,26.0
0.88,26.0
0.87,30.0
0.87,30.0
0.87,30.0
0.87,32.0
0.87,32.0
0.87,32.0
0.88,32.0
0.86,32.0
0.86,32.0
0.87,32.0
0.88,30.0
0.87,30.0
0.87,30.0
0.87,26.0
0.87,26.0
0.87,22.0
0.88,20.0
0.88,20.0
0.87,16.0
0.87,14.0
0.88,14.0
0.87,10.0
0.87,6.0
0.88,6.0
0.87,4.0
0.87,0.0
0.87,0.0
0.88,0.0
0.87,0.0
0.87,0.0
0.88,0.0
0.87,0.0
0.87,0.0
0.88,0.0
0.88,4.0
0.87,4.0
0.88,6.0
0.87,10.0
0.87,10.0
0.87,14.0
0.88,16.0
0.87,16.0
0.87,16.0
0.87,16.0
0.88,20.0
0.87,20.0
0.87,20.0
0.88,20.0
0.86,20.0
0.87,22.0
0.88,26.0
0.87,26.0
0.87,26.0
0.87,26.0
0.88,22.0
0.87,22.0
0.87,22.0
0.88,20.0
0.88,20.0
0.87,20.0
0.87,20.0
0.88,20.0
0.87,20.0
0.87,16.0
0.88,16.0
0.87,16.0
0.87,16.0
0.87,14.0
0.87,14.0
0.87,10.0
0.87,10.0
0.88,10.0
0.87,6.0
0.87,6.0
0.88,6.0
0.88,4.0
0.87,4.0
0.87,4.0
0.88,4.0
0.87,0.0
0.87,0.0
0.88,0.0
0.87,0.0
0.87,0.0
0.87,0.0
0.88,0.0
0.87,0.0
0.86,0.0
0.88,0.0
0.87,0.0
0.87,0.0
0.87,0.0
0.88,0.0
0.87,0.0
0.87,0.0
0.88,0.0
0.87,0.0
0.87,0.0
0.88,0.0
0.88,0.0
0.87,0.0
0.87,0.0
0.88,0.0
0.87,0.0
0.87,0.0
0.88,0.0
0.87,0.0
0.87,0.0
0.88,0.0
0.88,0.0
0.86,0.0
0.87,0.0
0.88,0.0
0.86,0.0
0.87,0.0
0.88,0.0
0.88,0.0
0.87,0.0
0.87,0.0
0.88,0.0
0.87,0.0
0.87,0.0
0.88,0.0
0.87,0.0
0.87,0.0
0.87,0.0
0.88,0.0
0.87,0.0
0.87,0.0
0.88,0.0
0.87,0.0
0.87,0.0
0.87,0.0
0.88,0.0
0.87,0.0
0.87,0.0
0.88,0.0
0.87,0.0
0.87,0.0
0.88,0.0
0.88,0.0
0.87,0.0
0.87,0.0
0.88,0.0
0.87,0.0
0.87,0.0
0.88,0.0
0.88,0.0
0.87,0.0
0.87,0.0
0.88,0.0
0.87,0.0
0.86,0.0
0.88,0.0
0.87,0.0
0.87,0.0
0.88,4.0
0.88,4.0
0.87,4.0
0.87,4.0
0.87,4.0
0.87,6.0
0.86,6.0
0.88,6.0
0.88,6.0
0.87,10.0
0.87,10.0
0.88,10.0
0.87,10.0
0.87,14.0
0.88,14.0
0.87,14.0
0.87,14.0
0.87,14.0
0.88,14.0
0.87,14.0
0.86,14.0
0.88,14.0
0.87,14.0
0.87,14.0
0.87,14.0
0.88,14.0
0.87,14.0
0.87,16.0
0.88,16.0
0.87,16.0
0.87,16.0
0.88,16.0
0.87,16.0
0.87,16.0
0.87,16.0
0.88,16.0
0.87,16.0
0.87,14.0
0.88,14.0
0.87,14.0
0.87,14.0
0.88,14.0
0.88,10.0
0.87,10.0
0.87,10.0
0.88,10.0
0.87,10.0
0.87,6.0
0.88,6.0
0.88,6.0
0.87,6.0
0.87,4.0
0.88,4.0
0.87,4.0
0.87,4.0
0.88,4.0
0.87,0.0
0.87,0.0
0.87,0.0
0.88,0.0
0.87,0.0
0.87,0.0
0.88,0.0
0.87,0.0
0.87,0.0
0.88,0.0
0.88,0.0
0.87,0.0
0.87,0.0
0.88,0.0
0.87,0.0
0.87,0.0
0.88,0.0
0.88,0.0
0.87,0.0
0.87,0.0
0.88,0.0
0.87,0.0
0.87,0.0
0.88,0.0
0.87,0.0
0.87,0.0
0.88,4.0
0.88,0.0
0.87,0.0
0.87,0.0
0.88,0.0
0.87,0.0
0.87,0.0
0.88,0.0
0.87,0.0
0.87,0.0
0.87,0.0
0.88,4.0
0.87,4.0
0.87,4.0
0.88,0.0
0.87,4.0
0.87,4.0
0.88,4.0
0.88,4.0
0.87,4.0
0.87,4.0
0.88,4.0
0.86,6.0
0.87,6.0
0.88,6.0
0.88,6.0
0.87,6.0
0.87,6.0
0.88,6.0
0.87,6.0
0.87,10.0
0.88,10.0
0.87,10.0
0.87,10.0
0.87,10.0
0.88,10.0
0.87,10.0
0.87,10.0
0.88,10.0
0.87,10.0
0.87,10.0
0.87,10.0
0.87,10.0
0.87,10.0
0.87,10.0
0.88,10.0
0.87,10.0
0.87,10.0
0.88,10.0
0.88,10.0
0.87,10.0
0.87,10.0
0.88,6.0
0.87,6.0
0.87,6.0
0.88,6.0
0.87,6.0
0.87,6.0
0.87,6.0
0.88,6.0
0.87,6.0
0.87,4.0
0.88,4.0
0.87,4.0
0.87,4.0
0.88,4.0
0.88,4.0
0.87,4.0
0.87,4.0
0.88,0.0
0.87,0.0
0.87,0.0
0.88,0.0
0.88,0.0
0.87,0.0
0.87,0.0
0.88,0.0
0.87,0.0
0.86,0.0
0.88,0.0
0.87,0.0
0.87,0.0
0.87,0.0
0.88,0.0
0.87,0.0
0.87,0.0
0.88,0.0
0.87,0.0
0.87,0.0
0.88,0.0
0.88,0.0
0.87,0.0
0.87,0.0
0.88,0.0
0.87,0.0
0.87,0.0
0.88,0.0
0.87,0.0
0.87,0.0
0.88,0.0
0.88,0.0
0.87,0.0
0.87,0.0
0.88,0.0
0.87,0.0
0.87,0.0
0.88,0.0
0.88,0.0
0.87,0.0
0.87,0.0
0.88,0.0
0.87,0.0
0.87,0.0
0.88,0.0
0.87,0.0
0.87,0.0
0.87,0.0
0.88,0.0
0.87,0.0
0.87,0.0
0.88,0.0
0.87,0.0
0.87,0.0
0.88,0.0
0.88,0.0
0.87,0.0
0.87,0.0
0.88,0.0
0.87,0.0
0.87,0.0
0.88,0.0
0.88,0.0
0.87,0.0
0.87,0.0
0.88,0.0
0.87,0.0
0.87,0.0
0.88,0.0
0.87,0.0
0.87,0.0
0.87,0.0
0.88,0.0
0.87,0.0
0.87,0.0
0.88,0.0
0.87,0.0
0.87,0.0
0.87,0.0
0.88,0.0
0.87,0.0
0.87,0.0
0.88,0.0
0.87,0.0
0.87,0.0
0.88,0.0
0.88,0.0
0.87,0.0
0.88,0.0
0.88,0.0
0.87,0.0
0.87,0.0
0.88,4.0
0.87,4.0
0.87,4.0
0.88,4.0
0.88,4.0
0.87,4.0
0.87,4.0
0.88,4.0
0.87,4.0
0.87,4.0
0.88,6.0
0.88,6.0
0.87,6.0
0.87,6.0
0.88,6.0
0.87,6.0
0.87,6.0
0.88,6.0
0.88,6.0
0.87,6.0
0.87,6.0
0.88,6.0
0.87,6.0
0.87,6.0
0.88,6.0
0.87,6.0
0.87,6.0
0.87,6.0
0.88,6.0
0.87,6.0
0.87,6.0
0.88,6.0
0.87,6.0
0.87,6.0
0.88,6.0
0.88,6.0
0.87,4.0
0.87,4.0
0.88,4.0
0.87,4.0
0.86,4.0
0.88,4.0
0.87,4.0
0.87,4.0
0.87,4.0
0.88,4.0
0.87,4.0
0.86,4.0
0.88,0.0
0.87,0.0
0.87,0.0
0.88,0.0
0.88,0.0
0.87,0.0
0.87,0.0
0.88,0.0
0.86,0.0
0.87,0.0
0.88,0.0
0.87,0.0
0.87,0.0
0.87,0.0
0.88,0.0
0.87,0.0
0.86,0.0
0.88,0.0
0.87,0.0
0.87,0.0
0.88,0.0
0.88,0.0
0.87,0.0
0.87,0.0
0.88,0.0
0.87,0.0
0.87,0.0
0.88,0.0
0.88,0.0
0.87,0.0
0.87,0.0
0.88,0.0
0.87,0.0
0.87,0.0
0.88,0.0
0.87,0.0
0.87,0.0
0.88,0.0
0.88,0.0
0.87,0.0
0.87,0.0
0.88,0.0
0.87,0.0
0.87,0.0
0.88,0.0
0.88,0.0
0.87,0.0
0.87,0.0
0.88,0.0
0.87,0.0
0.87,0.0
0.88,0.0
0.88,0.0
0.87,0.0
0.87,0.0
0.88,0.0
0.87,0.0
0.86,0.0
0.88,0.0
0.87,0.0
0.87,0.0
0.87,0.0
0.88,0.0
0.87,0.0
0.87,0.0
0.88,0.0
0.87,0.0
0.87,0.0
0.88,0.0
0.88,0.0
0.87,0.0
0.88,0.0
0.88,0.0
0.87,0.0
0.87,0.0
0.88,0.0
0.87,0.0
0.87,0.0
0.87,4.0
0.88,4.0
0.87,4.0
0.86,4.0
0.88,4.0
0.87,4.0
0.87,4.0
0.88,4.0
0.88,4.0
0.87,4.0
0.87,4.0
0.88,4.0
0.87,4.0
0.87,4.0
0.88,4.0
0.88,4.0
0.87,4.0
0.87,4.0
0.88,4.0
0.87,4.0
0.86,4.0
0.88,4.0
0.87,4.0
0.87,4.0
0.87,4.0
0.88,4.0
0.87,4.0
0.87,4.0
0.88,4.0
0.87,4.0
0.87,4.0
0.88,4.0
0.88,4.0
0.87,4.0
0.87,4.0
0.88,4.0
0.87,4.0
0.87,4.0
0.88,4.0
0.87,4.0
0.87,4.0
0.87,4.0
0.88,4.0
0.87,0.0
0.86,0.0
0.88,0.0
0.87,0.0
0.87,0.0
0.88,0.0
0.88,0.0
0.87,0.0
0.87,0.0
0.88,0.0
0.87,0.0
0.87,0.0
0.88,0.0
0.88,0.0
0.87,0.0
0.88,0.0
0.88,0.0
0.87,0.0
0.86,0.0
0.88,0.0
0.87,0.0
0.87,0.0
0.87,0.0
0.88,0.0
0.87,0.0
0.87,0.0
0.88,0.0
0.87,0.0
0.87,0.0
0.88,0.0
0.88,0.0
0.87,0.0
0.88,0.0
0.88,0.0
0.87,0.0
0.87,0.0
0.88,0.0
0.87,0.0
0.87,0.0
0.87,0.0
0.88,0.0
0.87,0.0
0.87,0.0
0.88,0.0
0.87,0.0
0.87,0.0
0.88,0.0
0.88,0.0
0.87,0.0
0.87,0.0
0.88,0.0
0.87,0.0
0.87,0.0
0.88,0.0
0.88,0.0
0.87,0.0
0.87,0.0
0.88,0.0
0.87,0.0
0.87,0.0
0.88,0.0
0.87,0.0
0.87,0.0
0.88,0.0
0.88,0.0
0.87,0.0
0.87,0.0
0.88,0.0
0.87,0.0
0.87,0.0
0.88,0.0
0.87,0.0
0.87,0.0
0.87,0.0
0.88,0.0
0.87,0.0
0.87,0.0
0.88,0.0
0.87,0.0
0.87,0.0
0.88,0.0
0.87,0.0
0.87,0.0
0.87,0.0
0.88,0.0
0.87,0.0
0.87,0.0
0.88,0.0
0.88,0.0
0.87,0.0
0.88,0.0
0.88,0.0
0.87,0.0
0.87,0.0
0.88,0.0
0.87,0.0
0.87,0.0
0.88,0.0
0.88,0.0
0.87,0.0
0.86,0.0
0.88,0.0
0.86,0.0
0.87,0.0
0.87,4.0
0.88,4.0
0.87,4.0
0.87,4.0
0.88,4.0
0.87,4.0
0.87,4.0
0.87,4.0
0.87,4.0
0.87,4.0
0.87,4.0
0.88,4.0
0.87,4.0
0.87,4.0
0.88,4.0
0.87,4.0
0.87,4.0
0.88,4.0
0.88,4.0
0.87,4.0
0.87,4.0
0.87,4.0
0.87,4.0
0.87,4.0
0.88,4.0
0.88,4.0
0.87,4.0
0.87,4.0
0.88,4.0
0.87,4.0
0.87,4.0
0.88,4.0
0.87,4.0
0.87,0.0
0.87,0.0
0.88,0.0
0.87,0.0
0.87,0.0
0.88,0.0
0.87,0.0
0.87,0.0
0.88,0.0
0.88,0.0
0.87,0.0
0.87,0.0
0.88,0.0
0.87,0.0
0.87,0.0
0.88,0.0
0.87,0.0
0.87,0.0
0.87,0.0
0.87,0.0
0.87,0.0
0.87,0.0
0.88,0.0
0.86,0.0
0.87,0.0
0.87,0.0
0.88,0.0
0.87,0.0
0.87,0.0
0.88,0.0
0.87,0.0
0.87,0.0
0.88,0.0
0.88,0.0
0.87,0.0
0.87,0.0
0.88,0.0
0.87,0.0
0.87,0.0
0.88,0.0
0.88,0.0
0.87,0.0
0.87,0.0
0.88,0.0
0.87,0.0
0.86,0.0
0.88,0.0
0.87,0.0
0.87,0.0
0.87,0.0
0.88,0.0
0.87,0.0
0.87,0.0
0.88,0.0
0.87,0.0
0.87,0.0
0.87,0.0
0.87,0.0
0.87,0.0
0.87,0.0
0.87,0.0
0.87,0.0
0.87,0.0
0.88,0.0
0.87,0.0
0.87,0.0
0.87,0.0
0.88,0.0
0.87,0.0
0.87,0.0
0.88,0.0
0.87,0.0
0.87,0.0
0.88,0.0
0.88,0.0
0.87,0.0
0.87,0.0
0.88,0.0
0.87,0.0
0.87,0.0
0.88,0.0
0.87,0.0
0.87,0.0
0.87,0.0
0.88,0.0
0.86,0.0
0.86,0.0
0.88,0.0
0.87,0.0
0.87,0.0
0.87,4.0
0.87,4.0
0.87,4.0
0.87,4.0
0.88,4.0
0.87,4.0
0.87,4.0
0.88,4.0
0.88,4.0
0.87,4.0
0.87,4.0
0.88,0.0
0.87,0.0
0.87,4.0
0.88,0.0
0.87,0.0
0.87,0.0
0.87,0.0
0.88,0.0
0.87,0.0
0.87,0.0
0.88,0.0
0.86,0.0
0.87,0.0
0.88,0.0
0.88,0.0
0.87,0.0
0.87,0.0
0.88,0.0
0.87,0.0
0.87,0.0
0.88,0.0
0.87,0.0
0.87,0.0
0.87,0.0
0.88,0.0
0.87,0.0
0.86,0.0
0.88,0.0
0.87,0.0
0.87,0.0
0.87,0.0
0.88,0.0
0.87,0.0
0.87,0.0
0.88,0.0
0.87,0.0
0.87,0.0
0.87,0.0
0.88,0.0
0.87,0.0
0.87,0.0
0.88,0.0
0.87,0.0
0.87,0.0
0.88,0.0
0.87,0.0
0.87,0.0
0.87,0.0
0.88,0.0
0.87,0.0
0.87,0.0
0.88,0.0
0.87,0.0
0.87,0.0
0.88,0.0
0.88,0.0
0.87,0.0
0.87,0.0
0.88,0.0
0.87,0.0
0.87,0.0
0.88,0.0
0.88,0.0
0.87,0.0
0.87,0.0
0.88,0.0
0.87,0.0
0.87,0.0
0.88,0.0
0.87,0.0
0.87,0.0
0.88,0.0
0.88,0.0
0.87,0.0
0.87,0.0
0.88,0.0
0.87,0.0
0.87,0.0
0.88,0.0
0.87,0.0
0.87,0.0
0.87,0.0
0.88,0.0
0.87,0.0
0.86,0.0
0.88,0.0
0.87,0.0
0.87,0.0
0.88,0.0
0.88,0.0
0.87,0.0
0.87,0.0
0.88,0.0
0.87,0.0
0.87,0.0
0.88,0.0
0.88,0.0
0.87,0.0
0.87,0.0
0.88,0.0
0.87,0.0
0.87,0.0
0.88,0.0
0.88,0.0
0.87,0.0
0.87,0.0
0.88,0.0
0.87,0.0
0.87,0.0
0.88,0.0
0.87,0.0
0.87,0.0
0.88,0.0
0.88,0.0
0.87,0.0
0.87,0.0
0.88,0.0
0.87,0.0
0.87,0.0
0.88,0.0
0.88,0.0
0.87,0.0
0.87,0.0
0.88,0.0
0.87,0.0
0.87,0.0
0.88,0.0
0.87,0.0
0.87,0.0
0.87,0.0
0.88,0.0
0.87,0.0
0.87,0.0
0.88,0.0
0.87,0.0
0.87,0.0
0.88,0.0
0.88,0.0
0.87,0.0
0.87,0.0
0.88,0.0
0.87,0.0
0.87,0.0
0.88,0.0
0.87,0.0
0.87,0.0
0.87,0.0
0.88,0.0
0.87,0.0
0.87,0.0
0.88,0.0
0.87,0.0
0.87,0.0
0.87,0.0
0.88,0.0
0.87,0.0
0.87,0.0
0.88,0.0
0.87,0.0
0.87,0.0
0.88,0.0
0.88,0.0
0.87,0.0
0.88,0.0
0.88,0.0
0.87,0.0
0.87,0.0
0.88,0.0
0.87,0.0
0.87,0.0
0.87,0.0
0.88,0.0
0.87,0.0
0.87,0.0
0.88,0.0
0.87,0.0
0.87,0.0
0.88,0.0
0.88,0.0
0.87,0.0
0.87,0.0
0.88,0.0
0.87,0.0
0.87,0.0
0.88,0.0
0.88,0.0
0.87,0.0
0.87,0.0
0.88,0.0
0.87,0.0
0.87,0.0
0.88,0.0
0.87,0.0
0.87,0.0
0.87,0.0
0.88,0.0
0.87,0.0
0.87,0.0
0.88,0.0
0.87,0.0
0.87,0.0
0.88,0.0
0.88,0.0
0.87,0.0
0.87,0.0
0.88,0.0
0.87,0.0
0.87,0.0
0.88,0.0
0.87,0.0
0.87,0.0
0.88,0.0
0.88,0.0
0.87,0.0
0.87,0.0
0.88,0.0
0.87,0.0
0.87,0.0
0.88,0.0
0.88,0.0
0.87,0.0
0.87,0.0
0.87,0.0
0.87,0.0
0.87,0.0
0.88,0.0
0.88,0.0
0.87,0.0
0.87,0.0
0.88,0.0
0.87,0.0
0.87,0.0
0.88,0.0
0.87,0.0
0.87,0.0
0.88,0.0
0.88,0.0
0.87,0.0
0.87,0.0
0.88,0.0
0.87,0.0
0.87,0.0
0.88,0.0
0.88,0.0
0.87,0.0
0.88,0.0
0.88,0.0
0.87,0.0
0.86,0.0
0.88,0.0
0.87,0.0
0.87,0.0
0.87,0.0
0.88,0.0
0.87,0.0
0.87,0.0
0.88,0.0
0.87,0.0
0.87,0.0
0.88,0.0
0.88,0.0
0.87,0.0
0.87,0.0
0.88,0.0
0.87,0.0
0.87,0.0
0.88,0.0
0.88,0.0
0.87,0.0
0.88,0.0
0.88,0.0
0.87,0.0
0.86,0.0
0.88,0.0
0.87,0.0
0.87,0.0
0.88,0.0
0.88,0.0
0.87,0.0
0.87,0.0
0.88,0.0
0.87,0.0
0.87,0.0
0.88,0.0
0.87,0.0
0.87,0.0
0.87,0.0
0.88,0.0
0.87,0.0
0.87,0.0
0.88,0.0
0.87,0.0
0.87,0.0
0.88,0.0
0.88,0.0
0.87,0.0
0.87,0.0
0.88,0.0
0.87,0.0
0.87,0.0
0.88,0.0
0.88,0.0
0.87,0.0
0.87,0.0
0.88,0.0
0.87,0.0
0.87,0.0
0.88,0.0
0.87,0.0
0.87,0.0
0.88,0.0
0.88,0.0
0.87,0.0
0.87,0.0
0.87,0.0
0.87,0.0
0.87,0.0
0.88,0.0
0.88,0.0
0.87,0.0
0.87,0.0
0.88,0.0
0.87,0.0
0.87,0.0
0.87,0.0
0.88,0.0
0.87,0.0
0.88,0.0
0.88,0.0
0.87,0.0
0.87,0.0
0.88,0.0
0.87,0.0
0.87,0.0
0.87,0.0
0.88,0.0
0.87,0.0
0.87,0.0
0.88,0.0
0.87,0.0
0.87,0.0
0.88,0.0
0.88,0.0
0.87,0.0
0.87,0.0
0.88,0.0
0.87,0.0
0.87,0.0
0.88,0.0
0.87,0.0
0.87,0.0
0.88,0.0
0.88,0.0
0.87,0.0
0.87,0.0
0.87,0.0
0.87,0.0
0.87,0.0
0.87,0.0
0.88,0.0
0.87,0.0
0.87,0.0
0.88,0.0
0.87,0.0
0.87,0.0
0.87,0.0
0.87,0.0
0.87,0.0
0.88,0.0
0.88,0.0
0.87,0.0
0.86,0.0
0.88,0.0
0.87,0.0
0.87,0.0
0.87,0.0
0.88,0.0
0.87,0.0
0.87,0.0
0.88,0.0
0.87,0.0
0.87,0.0
0.88,0.0
0.88,0.0
0.87,0.0
0.87,0.0
0.87,0.0
0.87,0.0
0.87,0.0
0.88,0.0
0.87,0.0
0.87,0.0
0.87,0.0
0.88,0.0
0.87,0.0
0.86,0.0
0.88,0.0
0.87,0.0
0.87,0.0
0.88,0.0
0.88,0.0
0.87,0.0
0.87,0.0
0.88,0.0
0.87,0.0
0.87,0.0
0.88,0.0
0.87,0.0
0.87,0.0
0.87,0.0
0.88,0.0
0.87,0.0
0.87,0.0
0.88,0.0
0.87,0.0
0.87,0.0
0.87,0.0
0.88,0.0
0.87,0.0
0.87,0.0
0.88,0.0
0.86,0.0
0.87,0.0
0.88,0.0
0.88,0.0
0.87,0.0
0.87,0.0
0.88,0.0
0.87,0.0
0.87,0.0
0.88,0.0
0.87,0.0
0.87,0.0
0.88,0.0
0.88,0.0
0.87,0.0
0.87,0.0
0.87,0.0
0.87,0.0
0.87,0.0
0.87,0.0
0.88,0.0
0.87,0.0
0.87,0.0
0.88,0.0
0.87,0.0
0.87,0.0
0.88,0.0
0.88,0.0
0.87,0.0
0.88,0.0
0.88,0.0
0.87,0.0
0.87,0.0
0.88,0.0
0.87,0.0
0.87,0.0
0.88,0.0
0.88,0.0
0.87,0.0
0.87,0.0
0.88,0.0
0.87,0.0
0.87,0.0
0.88,0.0
0.87,0.0
0.87,0.0
0.87,0.0
0.88,0.0
0.87,0.0
0.87,0.0
0.88,0.0
0.87,0.0
0.87,0.0
0.88,0.0
0.88,0.0
0.87,0.0
0.87,0.0
0.88,0.0
0.87,0.0
0.87,0.0
0.87,0.0
0.88,0.0
0.87,0.0
0.88,0.0
0.88,0.0
0.87,0.0
0.88,0.0
0.88,0.0
0.87,0.0
0.87,0.0
0.87,0.0
0.88,0.0
0.87,0.0
0.87,0.0
0.88,0.0
0.87,0.0
0.87,0.0
0.88,0.0
0.88,0.0
0.87,0.0
0.87,0.0
0.88,0.0
0.87,0.0
0.87,0.0
0.88,0.0
0.88,0.0
0.87,0.0
0.87,0.0
0.88,0.0
0.87,0.0
0.87,0.0
0.88,0.0
0.87,0.0
0.87,0.0
0.87,0.0
0.88,0.0
0.87,0.0
0.86,0.0
0.88,0.0
0.87,0.0
0.87,0.0
0.88,0.0
0.88,0.0
0.87,0.0
0.87,0.0
0.88,0.0
0.87,0.0
0.87,0.0
0.88,0.0
0.88,0.0
0.86,0.0
0.87,0.0
0.88,0.0
0.87,0.0
0.87,0.0
0.88,0.0
0.86,0.0
0.87,0.0
0.87,0.0
0.87,0.0
0.87,0.0
0.87,0.0
0.88,0.0
0.87,0.0
0.87,0.0
0.88,0.0
0.88,0.0
0.87,0.0
0.88,0.0
0.88,0.0
0.87,0.0
0.87,0.0
0.88,0.0
0.87,0.0
0.87,0.0
0.87,0.0
0.88,0.0
0.87,0.0
0.87,0.0
0.88,0.0
0.87,0.0
0.87,0.0
0.87,0.0
0.88,0.0
0.87,0.0
0.87,0.0
0.88,0.0
0.87,0.0
0.87,0.0
0.88,0.0
0.88,0.0
0.87,0.0
0.88,0.0
0.88,0.0
0.87,0.0
0.86,0.0
0.88,0.0
0.87,0.0
0.87,0.0
0.87,0.0
0.88,0.0
0.87,0.0
0.87,0.0
0.88,0.0
0.87,0.0
0.87,0.0
0.88,0.0
0.88,0.0
0.87,0.0
0.87,0.0
0.88,0.0
0.87,0.0
0.87,0.0
0.88,0.0
0.88,0.0
0.87,0.0
0.87,0.0
0.88,0.0
0.87,0.0
0.87,0.0
0.88,0.0
0.87,0.0
0.87,0.0
0.87,0.0
0.88,0.0
0.87,0.0
0.87,0.0
0.88,0.0
0.87,0.0
0.87,0.0
0.88,0.0
0.87,0.0
0.87,0.0
0.87,0.0
0.88,0.0
0.88,0.0
0.87,0.0
0.88,0.0
0.87,0.0
0.87,0.0
0.88,0.0
0.88,0.0
0.87,0.0
0.87,0.0
0.88,0.0
0.87,0.0
0.87,0.0
0.88,0.0
0.88,0.0
0.87,0.0
0.87,0.0
0.88,0.0
0.87,0.0
0.87,0.0
0.88,0.0
0.87,0.0
0.87,0.0
0.88,0.0
0.88,0.0
0.87,0.0
0.87,0.0
0.88,0.0
0.87,0.0
0.87,0.0
0.88,0.0
0.88,0.0
0.87,0.0
0.87,0.0
0.88,0.0
0.87,0.0
0.87,0.0
0.88,0.0
0.88,0.0
0.87,0.0
0.87,0.0
0.88,0.0
0.87,0.0
0.87,0.0
0.88,0.0
0.87,0.0
0.87,0.0
0.88,0.0
0.88,0.0
0.87,0.0
0.87,0.0
0.88,0.0
0.87,0.0
0.87,0.0
0.88,0.0
0.88,0.0
0.87,0.0
0.87,0.0
0.88,0.0
0.87,0.0
0.87,0.0
0.88,0.0
0.87,0.0
0.87,0.0
0.87,0.0
0.88,0.0
0.87,0.0
0.87,0.0
0.88,0.0
0.87,0.0
0.87,0.0
0.88,0.0
0.88,0.0
0.87,0.0
0.87,0.0
0.88,0.0
0.87,0.0
0.87,0.0
0.88,0.0
0.88,0.0
0.87,0.0
0.87,0.0
0.88,0.0
0.87,0.0
0.87,0.0
0.88,0.0
0.87,0.0
0.87,0.0
0.87,0.0
0.88,0.0
0.87,0.0
0.87,0.0
0.88,0.0
0.87,0.0
0.87,0.0
0.88,0.0
0.88,0.0
0.87,0.0
0.87,0.0
0.88,0.0
0.87,0.0
0.87,0.0
0.88,0.0
0.87,0.0
0.87,0.0
0.87,0.0
0.88,0.0
0.87,0.0
0.86,0.0
0.88,0.0
0.87,0.0
0.87,0.0
0.87,0.0
0.88,0.0
0.87,0.0
0.87,0.0
0.88,0.0
0.87,0.0
0.87,0.0
0.88,0.0
0.88,0.0
0.87,0.0
0.87,0.0
0.88,0.0
0.87,0.0
0.87,0.0
0.88,0.0
0.86,0.0
0.87,0.0
0.88,0.0
0.88,0.0
0.87,0.0
0.87,0.0
0.88,0.0
0.87,0.0
0.87,0.0
0.88,0.0
0.88,0.0
0.87,0.0
0.87,0.0
0.88,0.0
0.87,0.0
0.87,0.0
0.88,0.0
0.87,0.0
0.87,0.0
0.88,0.0
0.88,0.0
0.87,0.0
0.87,0.0
0.88,0.0
0.87,0.0
0.87,0.0
0.87,0.0
0.88,0.0
0.87,0.0
0.87,0.0
0.88,0.0
0.87,0.0
0.87,0.0
0.88,0.0
0.88,0.0
0.87,0.0
0.88,0.0
0.88,0.0
0.87,0.0
0.87,0.0
0.88,0.0
0.87,0.0
0.87,0.0
0.88,0.0
0.88,0.0
0.87,0.0
0.87,0.0
0.88,0.0
0.87,0.0
0.87,0.0
0.88,0.0
0.88,0.0
0.87,0.0
0.87,0.0
0.88,0.0
0.87,0.0
0.87,0.0
0.88,0.0
0.87,0.0
0.87,0.0
0.87,0.0
0.88,0.0
0.87,0.0
0.86,0.0
0.88,0.0
0.87,0.0
0.87,0.0
0.87,0.0
0.88,0.0
0.87,0.0
0.87,0.0
0.88,0.0
0.87,0.0
0.87,0.0
0.88,0.0
0.87,0.0
0.87,0.0
0.88,0.0
0.88,0.0
0.87,0.0
0.87,0.0
0.88,0.0
0.87,0.0
0.87,0.0
0.88,0.0
0.88,0.0
0.87,0.0
0.87,0.0
0.88,0.0
0.87,0.0
0.87,0.0
0.88,0.0
0.88,0.0
0.87,0.0
0.87,0.0
0.88,0.0
0.87,0.0
0.87,0.0
0.88,0.0
0.87,0.0
0.87,0.0
0.88,0.0
0.88,0.0
0.87,0.0
0.87,0.0
0.88,0.0
0.87,0.0
0.87,0.0
0.88,0.0
0.88,0.0
0.86,0.0
0.87,0.0
0.88,0.0
0.87,0.0
0.87,0.0
0.88,0.0
0.88,0.0
0.87,0.0
0.88,0.0
0.88,0.0
0.87,0.0
0.87,0.0
0.88,0.0
0.87,0.0
0.87,0.0
0.88,0.0
0.88,0.0
0.87,0.0
0.87,0.0
0.88,0.0
0.87,0.0
0.87,0.0
0.88,0.0
0.88,0.0
0.87,0.0
0.87,0.0
0.88,0.0
0.87,0.0
0.87,0.0
0.88,0.0
0.87,0.0
0.87,0.0
0.87,0.0
0.87,0.0
0.87,0.0
0.86,0.0
0.88,0.0
0.87,0.0
0.87,0.0
0.87,0.0
0.88,0.0
0.87,0.0
0.87,0.0
0.88,0.0
0.87,0.0
0.87,0.0
0.88,0.0
0.88,0.0
0.87,0.0
0.87,0.0
0.88,0.0
0.87,0.0
0.87,0.0
0.88,0.0
0.87,0.0
0.87,0.0
0.87,0.0
0.88,0.0
0.87,0.0
0.87,0.0
0.88,0.0
0.87,0.0
0.86,0.0
0.88,0.0
0.88,0.0
0.87,0.0
0.87,0.0
0.88,0.0
0.87,0.0
0.87,0.0
0.88,0.0
0.87,0.0
0.87,0.0
0.88,0.0
0.88,0.0
0.87,0.0
0.87,0.0
0.87,0.0
0.87,0.0
0.87,0.0
0.87,0.0
0.88,0.0
0.88,0.0
0.87,0.0
0.88,0.0
0.87,0.0
0.87,0.0
0.88,0.0
0.88,0.0
0.87,0.0
0.88,0.0
0.88,0.0
0.87,0.0
0.87,0.0
0.88,0.0
0.87,0.0
0.87,0.0
0.88,0.0
0.88,0.0
0.87,0.0
0.87,0.0
0.88,0.0
0.87,0.0
0.87,0.0
0.88,0.0
0.88,0.0
0.87,0.0
0.87,0.0
0.88,0.0
0.87,0.0
0.87,0.0
0.88,0.0
0.87,0.0
0.87,0.0
0.87,0.0
0.88,0.0
0.87,0.0
0.87,0.0
0.88,0.0
0.87,0.0
0.87,0.0
0.87,0.0
0.88,0.0
0.87,0.0
0.87,0.0
0.88,0.0
0.87,0.0
0.87,0.0
0.88,0.0
0.88,0.0
0.87,0.0
0.87,0.0
0.88,0.0
0.87,0.0
0.87,0.0
0.88,0.0
0.87,0.0
0.87,0.0
0.88,0.0
0.88,0.0
0.87,0.0
0.87,0.0
0.88,0.0
0.87,0.0
0.87,0.0
0.88,0.0
0.88,0.0
0.87,0.0
0.88,0.0
0.88,0.0
