Timestamp_ms,Voltage_V,Current_mA,Power_mW,AccX_g,AccY_g,AccZ_g,Roll_deg,Pitch_deg,Yaw_deg

Setup complete. Logging is active.
Commands: start, stop, dump, erase
1695,0.00,2.80,0.00,0.088,-0.156,0.871,-9.01,-14.88,-23.33
1714,0.00,1.50,0.00,0.088,-0.156,0.871,-9.01,-14.88,-23.33
1734,0.00,1.10,0.00,0.088,-0.156,0.871,-9.01,-14.88,-23.33
1754,0.00,0.60,0.00,0.088,-0.156,0.871,-9.01,-14.88,-23.33
1774,0.00,0.20,0.00,0.169,-0.170,1.059,-9.01,-14.88,-23.33
1794,0.00,0.00,0.00,0.169,-0.170,1.059,-9.05,-6.83,-26.58
1814,0.00,-0.40,0.00,0.169,-0.170,1.059,-9.05,-6.83,-26.58
1834,0.00,-0.60,0.00,0.169,-0.170,1.059,-9.05,-6.83,-26.58
1854,0.00,-0.60,0.00,0.169,-0.170,1.059,-9.05,-6.83,-26.58
1874,0.00,-0.50,0.00,0.209,-0.148,1.393,-9.05,-6.83,-26.58
1894,0.00,-0.30,0.00,0.209,-0.148,1.393,-10.33,13.67,-31.03
1914,0.00,-0.60,0.00,0.209,-0.148,1.393,-10.33,13.67,-31.03
1934,0.00,-0.70,0.00,0.209,-0.148,1.393,-10.33,13.67,-31.03
1954,0.00,-0.60,0.00,0.209,-0.148,1.393,-10.33,13.67,-31.03
1974,0.00,-0.70,0.00,-0.240,-0.058,0.617,-10.33,13.67,-31.03
1994,0.16,21.90,4.00,-0.240,-0.058,0.617,-13.72,33.98,-37.35
2014,1.21,129.50,190.00,-0.240,-0.058,0.617,-13.72,33.98,-37.35
2034,2.26,237.80,548.00,-0.240,-0.058,0.617,-13.72,33.98,-37.35
2054,2.82,292.80,838.00,-0.240,-0.058,0.617,-13.72,33.98,-37.35
2074,3.01,313.40,954.00,-0.517,-0.052,0.824,-13.72,33.98,-37.35
2094,3.23,335.70,1092.00,-0.517,-0.052,0.824,-14.18,31.17,-37.64
2114,3.34,343.20,1176.00,-0.517,-0.052,0.824,-14.18,31.17,-37.64
2134,3.52,361.30,1264.00,-0.517,-0.052,0.824,-14.18,31.17,-37.64
2154,3.56,369.40,1324.00,-0.517,-0.052,0.824,-14.18,31.17,-37.64
2174,3.79,391.00,1478.00,-0.552,-0.132,0.854,-14.18,31.17,-37.64
2194,3.68,373.10,1350.00,-0.552,-0.132,0.854,-12.15,18.70,-36.73
2214,3.30,340.50,1128.00,-0.552,-0.132,0.854,-12.15,18.70,-36.73
2234,2.96,303.60,892.00,-0.552,-0.132,0.854,-12.15,18.70,-36.73
2254,2.59,268.60,698.00,-0.552,-0.132,0.854,-12.15,18.70,-36.73
2274,2.16,221.80,466.00,-0.277,-0.220,1.140,-12.15,18.70,-36.73
2294,1.77,181.50,302.00,-0.277,-0.220,1.140,-10.43,-3.11,-32.74
2314,1.30,132.90,170.00,-0.277,-0.220,1.140,-10.43,-3.11,-32.74
2334,0.86,89.10,72.00,-0.277,-0.220,1.140,-10.43,-3.11,-32.74
2354,0.55,57.00,30.00,-0.277,-0.220,1.140,-10.43,-3.11,-32.74
3888,0.08,10.60,0.00,-0.061,-0.127,1.009,-11.04,-8.27,-39.05
3907,0.05,7.10,0.00,-0.061,-0.127,1.009,-11.04,-8.27,-39.05
3927,0.02,4.70,0.00,-0.061,-0.127,1.009,-11.04,-8.27,-39.05
3947,0.00,3.00,0.00,-0.061,-0.127,1.009,-11.04,-8.27,-39.05
3967,0.00,1.90,0.00,0.136,-0.167,0.927,-11.04,-8.27,-39.05
3987,0.00,1.00,0.00,0.136,-0.167,0.927,-11.04,-9.43,-37.58
4007,0.00,0.50,0.00,0.136,-0.167,0.927,-11.04,-9.43,-37.58
4027,0.00,0.40,0.00,0.136,-0.167,0.927,-11.04,-9.43,-37.58
4047,0.00,0.10,0.00,0.136,-0.167,0.927,-11.04,-9.43,-37.58
4067,0.00,0.00,0.00,0.041,-0.004,1.074,-11.04,-9.43,-37.58
4087,0.00,-0.20,0.00,0.041,-0.004,1.074,-11.06,-1.24,-39.05
4107,0.00,-0.30,0.00,0.041,-0.004,1.074,-11.06,-1.24,-39.05
4127,0.00,-0.60,0.00,0.041,-0.004,1.074,-11.06,-1.24,-39.05
4147,0.00,-0.30,0.00,0.041,-0.004,1.074,-11.06,-1.24,-39.05
4167,0.00,-0.20,0.00,-0.061,-0.217,0.992,-11.06,-1.24,-39.05
4187,0.00,-0.50,0.00,-0.061,-0.217,0.992,-11.34,8.22,-41.53
4207,0.00,-0.30,0.00,-0.061,-0.217,0.992,-11.34,8.22,-41.53
4227,0.00,-0.60,0.00,-0.061,-0.217,0.992,-11.34,8.22,-41.53
4247,0.00,-0.60,0.00,-0.061,-0.217,0.992,-11.34,8.22,-41.53
4267,0.00,-0.70,0.00,-0.056,-0.092,1.011,-11.34,8.22,-41.53
4287,0.00,-0.80,0.00,-0.056,-0.092,1.011,-11.48,10.80,-40.31
4307,0.00,-0.60,0.00,-0.056,-0.092,1.011,-11.48,10.80,-40.31
4327,0.00,-0.70,0.00,-0.056,-0.092,1.011,-11.48,10.80,-40.31
4347,0.16,23.30,6.00,-0.056,-0.092,1.011,-11.48,10.80,-40.31
4367,0.37,41.20,16.00,-0.072,-0.150,0.990,-11.48,10.80,-40.31
4387,0.31,34.30,14.00,-0.072,-0.150,0.990,-11.13,6.94,-35.68
4407,0.22,24.60,6.00,-0.072,-0.150,0.990,-11.13,6.94,-35.68
4427,0.13,15.50,4.00,-0.072,-0.150,0.990,-11.13,6.94,-35.68
4447,0.07,9.90,0.00,-0.072,-0.150,0.990,-11.13,6.94,-35.68
4467,0.04,6.00,0.00,-0.020,0.113,0.936,-11.13,6.94,-35.68
4487,0.01,4.00,0.00,-0.020,0.113,0.936,-11.00,5.99,-33.28
4507,0.00,2.30,0.00,-0.020,0.113,0.936,-11.00,5.99,-33.28
4527,0.00,1.10,0.00,-0.020,0.113,0.936,-11.00,5.99,-33.28
4547,0.00,0.60,0.00,-0.020,0.113,0.936,-11.00,5.99,-33.28
4567,0.00,0.30,0.00,-0.040,-0.122,0.994,-11.00,5.99,-33.28
6066,0.00,-0.60,0.00,0.665,-0.255,1.410,-12.14,2.42,-32.78
6086,0.00,-0.60,0.00,0.665,-0.255,1.410,-15.23,28.40,-41.50
6106,0.13,17.20,4.00,0.665,-0.255,1.410,-15.23,28.40,-41.50
6126,0.69,80.20,62.00,0.665,-0.255,1.410,-15.23,28.40,-41.50
6146,1.16,132.30,170.00,-0.356,-0.047,0.810,-15.23,28.40,-41.50
6166,1.93,204.90,440.00,-0.356,-0.047,0.810,-15.23,28.40,-41.50
6186,2.66,274.60,738.00,-0.356,-0.047,0.810,-16.29,30.89,-42.41
6206,3.01,309.10,924.00,-0.356,-0.047,0.810,-16.29,30.89,-42.41
6226,3.20,328.10,1068.00,-0.356,-0.047,0.810,-16.29,30.89,-42.41
6246,3.23,337.30,1104.00,-0.416,-0.157,0.851,-16.29,30.89,-42.41
6266,3.32,341.10,1124.00,-0.416,-0.157,0.851,-16.29,30.89,-42.41
6286,3.28,336.80,1118.00,-0.416,-0.157,0.851,-14.61,21.76,-40.74
6306,3.31,342.90,1138.00,-0.416,-0.157,0.851,-14.61,21.76,-40.74
6326,3.25,332.90,1064.00,-0.416,-0.157,0.851,-14.61,21.76,-40.74
6346,3.00,304.80,894.00,-0.407,-0.101,0.955,-14.61,21.76,-40.74
6366,2.82,290.70,822.00,-0.407,-0.101,0.955,-14.61,21.76,-40.74
6386,2.55,264.10,668.00,-0.407,-0.101,0.955,-12.92,9.48,-37.86
6406,2.28,235.50,538.00,-0.407,-0.101,0.955,-12.92,9.48,-37.86
6426,2.02,208.50,416.00,-0.407,-0.101,0.955,-12.92,9.48,-37.86
6446,1.75,180.80,298.00,-0.254,-0.135,1.087,-12.92,9.48,-37.86
6466,1.39,139.60,184.00,-0.254,-0.135,1.087,-12.92,9.48,-37.86
6486,0.89,93.00,82.00,-0.254,-0.135,1.087,-12.06,-4.66,-33.22
6506,0.57,60.60,32.00,-0.254,-0.135,1.087,-12.06,-4.66,-33.22
6526,0.37,39.00,14.00,-0.254,-0.135,1.087,-12.06,-4.66,-33.22
6546,0.23,25.80,6.00,0.049,-0.156,0.930,-12.06,-4.66,-33.22
6566,0.14,17.10,4.00,0.049,-0.156,0.930,-12.39,-15.16,-29.55
6586,0.09,11.10,0.00,0.049,-0.156,0.930,-12.39,-15.16,-29.55
6606,0.04,7.50,0.00,0.049,-0.156,0.930,-12.39,-15.16,-29.55
6626,0.02,4.80,0.00,0.049,-0.156,0.930,-12.39,-15.16,-29.55
6646,0.01,3.40,0.00,0.271,-0.056,0.880,-12.39,-15.16,-29.55
6666,0.00,2.20,0.00,0.271,-0.056,0.880,-12.31,-17.28,-29.81
6686,0.00,1.50,0.00,0.271,-0.056,0.880,-12.31,-17.28,-29.81
6706,0.00,0.90,0.00,0.271,-0.056,0.880,-12.31,-17.28,-29.81
8170,1.60,165.90,262.00,-0.349,-0.128,1.039,-12.47,-0.46,-41.01
8189,1.20,125.00,148.00,-0.349,-0.128,1.039,-12.47,-0.46,-41.01
8209,0.86,87.30,72.00,-0.349,-0.128,1.039,-12.47,-0.46,-41.01
8229,0.53,56.80,30.00,-0.349,-0.128,1.039,-12.47,-0.46,-41.01
8249,0.34,37.20,14.00,-0.056,-0.105,0.996,-12.47,-0.46,-41.01
8269,0.22,24.00,6.00,-0.056,-0.105,0.996,-12.37,-12.39,-36.61
8289,0.13,15.70,4.00,-0.056,-0.105,0.996,-12.37,-12.39,-36.61
8309,0.08,10.40,0.00,-0.056,-0.105,0.996,-12.37,-12.39,-36.61
8329,0.04,7.00,0.00,-0.056,-0.105,0.996,-12.37,-12.39,-36.61
8349,0.02,4.60,0.00,0.229,-0.137,1.013,-12.37,-12.39,-36.61
8369,0.00,2.70,0.00,0.229,-0.137,1.013,-12.23,-15.09,-34.62
8389,0.00,1.90,0.00,0.229,-0.137,1.013,-12.23,-15.09,-34.62
8409,0.00,1.20,0.00,0.229,-0.137,1.013,-12.23,-15.09,-34.62
8429,0.00,0.80,0.00,0.229,-0.137,1.013,-12.23,-15.09,-34.62
8449,0.00,0.30,0.00,0.125,-0.096,1.005,-12.23,-15.09,-34.62
8469,0.00,0.00,0.00,0.125,-0.096,1.005,-12.23,-5.66,-36.17
8489,0.00,0.00,0.00,0.125,-0.096,1.005,-12.23,-5.66,-36.17
8509,0.00,-0.10,0.00,0.125,-0.096,1.005,-12.23,-5.66,-36.17
8529,0.00,-0.10,0.00,0.125,-0.096,1.005,-12.23,-5.66,-36.17
8549,0.00,-0.40,0.00,0.062,-0.076,1.165,-12.23,-5.66,-36.17
8569,0.00,-0.40,0.00,0.062,-0.076,1.165,-12.93,9.55,-40.84
8589,0.00,-0.40,0.00,0.062,-0.076,1.165,-12.93,9.55,-40.84
8609,0.00,-0.60,0.00,0.062,-0.076,1.165,-12.93,9.55,-40.84
8629,0.00,-0.70,0.00,0.062,-0.076,1.165,-12.93,9.55,-40.84
8649,0.00,-0.60,0.00,0.265,0.003,1.086,-12.93,9.55,-40.84
8669,0.00,-0.10,0.00,0.265,0.003,1.086,-14.34,22.23,-46.83
8689,0.04,8.00,0.00,0.265,0.003,1.086,-14.34,22.23,-46.83
8709,0.54,61.90,36.00,0.265,0.003,1.086,-14.34,22.23,-46.83
8729,1.21,127.00,154.00,0.265,0.003,1.086,-14.34,22.23,-46.83
8749,1.67,176.70,324.00,-0.236,-0.183,0.979,-14.34,22.23,-46.83
8769,2.09,215.40,446.00,-0.236,-0.183,0.979,-14.01,18.11,-47.55
8789,2.08,216.60,462.00,-0.236,-0.183,0.979,-14.01,18.11,-47.55
8809,1.98,205.40,404.00,-0.236,-0.183,0.979,-14.01,18.11,-47.55
8829,1.86,194.10,360.00,-0.236,-0.183,0.979,-14.01,18.11,-47.55
10465,2.72,284.70,786.00,-0.352,-0.159,0.976,-13.36,21.97,-52.21
10485,2.83,288.10,806.00,-0.352,-0.159,0.976,-13.36,21.97,-52.21
10505,2.82,292.30,816.00,-0.352,-0.159,0.976,-13.36,21.97,-52.21
10525,2.82,291.00,838.00,-0.352,-0.159,0.976,-13.36,21.97,-52.21
10545,2.81,286.40,792.00,-0.387,-0.126,0.878,-13.36,21.97,-52.21
10565,2.75,285.50,800.00,-0.387,-0.126,0.878,-12.22,13.94,-51.16
10585,2.82,287.80,802.00,-0.387,-0.126,0.878,-12.22,13.94,-51.16
10605,2.69,279.10,756.00,-0.387,-0.126,0.878,-12.22,13.94,-51.16
10625,2.48,256.90,626.00,-0.387,-0.126,0.878,-12.22,13.94,-51.16
10645,2.28,237.50,548.00,-0.330,-0.164,1.047,-12.22,13.94,-51.16
10665,2.06,211.30,426.00,-0.330,-0.164,1.047,-11.24,2.79,-48.38
10685,1.77,183.50,312.00,-0.330,-0.164,1.047,-11.24,2.79,-48.38
10705,1.43,143.90,196.00,-0.330,-0.164,1.047,-11.24,2.79,-48.38
10725,0.92,95.30,82.00,-0.330,-0.164,1.047,-11.24,2.79,-48.38
10745,0.59,62.10,32.00,-0.111,-0.099,1.010,-11.24,2.79,-48.38
10765,0.38,39.80,14.00,-0.111,-0.099,1.010,-11.06,-11.77,-43.73
10785,0.23,26.30,6.00,-0.111,-0.099,1.010,-11.06,-11.77,-43.73
10805,0.14,17.00,4.00,-0.111,-0.099,1.010,-11.06,-11.77,-43.73
10825,0.09,11.40,0.00,-0.111,-0.099,1.010,-11.06,-11.77,-43.73
10845,0.05,7.80,0.00,0.184,-0.110,0.931,-11.06,-11.77,-43.73
10865,0.02,5.00,0.00,0.184,-0.110,0.931,-11.17,-17.83,-40.51
10885,0.00,3.30,0.00,0.184,-0.110,0.931,-11.17,-17.83,-40.51
10905,0.00,2.00,0.00,0.184,-0.110,0.931,-11.17,-17.83,-40.51
10925,0.00,1.30,0.00,0.184,-0.110,0.931,-11.17,-17.83,-40.51
10945,0.00,0.60,0.00,0.168,-0.089,1.009,-11.17,-17.83,-40.51
10965,0.00,0.60,0.00,0.168,-0.089,1.009,-11.22,-9.35,-41.48
10985,0.00,0.30,0.00,0.168,-0.089,1.009,-11.22,-9.35,-41.48
11005,0.00,0.30,0.00,0.168,-0.089,1.009,-11.22,-9.35,-41.48
11025,0.00,-0.10,0.00,0.168,-0.089,1.009,-11.22,-9.35,-41.48
11045,0.00,-0.30,0.00,0.059,-0.139,1.150,-11.22,-9.35,-41.48
11065,0.00,0.00,0.00,0.059,-0.139,1.150,-12.19,10.88,-45.97
11085,0.00,-0.50,0.00,0.059,-0.139,1.150,-12.19,10.88,-45.97
11105,0.00,-0.60,0.00,0.059,-0.139,1.150,-12.19,10.88,-45.97
12690,0.00,0.10,0.00,0.176,-0.118,1.018,-11.17,-7.39,-41.30
12709,0.00,0.10,0.00,0.176,-0.118,1.018,-11.17,-7.39,-41.30
12729,0.00,-0.40,0.00,0.024,-0.167,1.177,-11.17,-7.39,-41.30
12749,0.00,-0.10,0.00,0.024,-0.167,1.177,-12.21,13.30,-45.35
12769,0.00,-0.20,0.00,0.024,-0.167,1.177,-12.21,13.30,-45.35
12789,0.00,-0.40,0.00,0.024,-0.167,1.177,-12.21,13.30,-45.35
12809,0.00,-0.60,0.00,0.024,-0.167,1.177,-12.21,13.30,-45.35
12829,0.00,-0.20,0.00,-0.154,-0.117,0.892,-12.21,13.30,-45.35
12849,0.00,-0.50,0.00,-0.154,-0.117,0.892,-14.50,29.72,-50.50
12869,0.03,6.30,0.00,-0.154,-0.117,0.892,-14.50,29.72,-50.50
12889,0.48,57.80,32.00,-0.154,-0.117,0.892,-14.50,29.72,-50.50
12909,1.28,133.20,170.00,-0.154,-0.117,0.892,-14.50,29.72,-50.50
12929,2.04,211.50,462.00,-0.348,-0.196,0.873,-14.50,29.72,-50.50
12949,2.66,280.50,760.00,-0.348,-0.196,0.873,-14.58,28.27,-51.55
12969,2.94,304.00,898.00,-0.348,-0.196,0.873,-14.58,28.27,-51.55
12989,3.01,311.10,948.00,-0.348,-0.196,0.873,-14.58,28.27,-51.55
13009,2.88,292.60,830.00,-0.348,-0.196,0.873,-14.58,28.27,-51.55
13029,2.74,283.20,756.00,-0.362,-0.187,0.917,-14.58,28.27,-51.55
13049,2.55,258.60,646.00,-0.362,-0.187,0.917,-12.94,18.17,-50.06
13069,2.36,243.70,566.00,-0.362,-0.187,0.917,-12.94,18.17,-50.06
13089,2.36,244.40,566.00,-0.362,-0.187,0.917,-12.94,18.17,-50.06
13109,2.42,255.10,630.00,-0.362,-0.187,0.917,-12.94,18.17,-50.06
13129,2.54,260.70,656.00,-0.545,-0.189,0.986,-12.94,18.17,-50.06
13149,2.42,248.40,576.00,-0.545,-0.189,0.986,-11.68,7.71,-47.49
13169,2.16,223.70,478.00,-0.545,-0.189,0.986,-11.68,7.71,-47.49
13189,1.85,190.30,344.00,-0.545,-0.189,0.986,-11.68,7.71,-47.49
13209,1.51,156.70,236.00,-0.545,-0.189,0.986,-11.68,7.71,-47.49
13229,1.08,109.50,114.00,-0.200,-0.169,1.060,-11.68,7.71,-47.49
13249,0.68,71.40,46.00,-0.200,-0.169,1.060,-11.20,-6.50,-42.71
13269,0.44,45.60,20.00,-0.200,-0.169,1.060,-11.20,-6.50,-42.71
13289,0.28,29.90,6.00,-0.200,-0.169,1.060,-11.20,-6.50,-42.71
13309,0.17,19.80,4.00,-0.200,-0.169,1.060,-11.20,-6.50,-42.71
13329,0.11,13.00,0.00,0.057,-0.109,0.948,-11.20,-6.50,-42.71
14939,0.57,59.20,32.00,-0.117,-0.216,1.091,-12.17,4.35,-42.13
14958,0.37,39.90,14.00,-0.117,-0.216,1.091,-11.89,-10.83,-36.39
14978,0.24,25.90,6.00,-0.117,-0.216,1.091,-11.89,-10.83,-36.39
14998,0.14,17.30,4.00,-0.117,-0.216,1.091,-11.89,-10.83,-36.39
15018,0.08,11.30,0.00,0.147,-0.090,0.861,-11.89,-10.83,-36.39
15038,0.05,7.60,0.00,0.147,-0.090,0.861,-11.89,-10.83,-36.39
15058,0.02,4.80,0.00,0.147,-0.090,0.861,-12.39,-16.01,-32.65
15078,0.01,3.50,0.00,0.147,-0.090,0.861,-12.39,-16.01,-32.65
15098,0.00,2.20,0.00,0.147,-0.090,0.861,-12.39,-16.01,-32.65
15118,0.00,1.30,0.00,0.280,-0.150,1.075,-12.39,-16.01,-32.65
15138,0.00,0.80,0.00,0.280,-0.150,1.075,-12.39,-16.01,-32.65
15158,0.00,0.60,0.00,0.280,-0.150,1.075,-12.15,-7.17,-33.84
15178,0.00,0.30,0.00,0.280,-0.150,1.075,-12.15,-7.17,-33.84
15198,0.00,0.10,0.00,0.280,-0.150,1.075,-12.15,-7.17,-33.84
15218,0.00,0.00,0.00,-0.018,-0.017,1.204,-12.15,-7.17,-33.84
15238,0.00,-0.10,0.00,-0.018,-0.017,1.204,-13.56,16.31,-39.70
15258,0.00,-0.20,0.00,-0.018,-0.017,1.204,-13.56,16.31,-39.70
15278,0.00,-0.30,0.00,-0.018,-0.017,1.204,-13.56,16.31,-39.70
15298,0.00,-0.30,0.00,-0.018,-0.017,1.204,-13.56,16.31,-39.70
15318,0.00,-0.60,0.00,-0.200,-0.169,0.821,-13.56,16.31,-39.70
15338,0.00,-0.20,0.00,-0.200,-0.169,0.821,-16.70,33.02,-46.19
15358,0.00,-0.50,0.00,-0.200,-0.169,0.821,-16.70,33.02,-46.19
15378,0.06,11.80,0.00,-0.200,-0.169,0.821,-16.70,33.02,-46.19
15398,1.08,114.60,140.00,-0.200,-0.169,0.821,-16.70,33.02,-46.19
15418,2.24,241.50,570.00,-0.370,-0.130,0.908,-16.70,33.02,-46.19
15438,2.64,268.00,694.00,-0.370,-0.130,0.908,-15.77,28.33,-45.65
15458,2.58,267.30,712.00,-0.370,-0.130,0.908,-15.77,28.33,-45.65
15478,2.77,287.30,800.00,-0.370,-0.130,0.908,-15.77,28.33,-45.65
15498,2.94,304.00,894.00,-0.370,-0.130,0.908,-15.77,28.33,-45.65
15518,2.92,302.20,874.00,-0.484,-0.200,0.933,-15.77,28.33,-45.65
15538,2.80,287.30,802.00,-0.484,-0.200,0.933,-13.68,15.78,-43.21
15558,2.61,270.40,684.00,-0.484,-0.200,0.933,-13.68,15.78,-43.21
15578,2.46,255.40,630.00,-0.484,-0.200,0.933,-13.68,15.78,-43.21
17176,3.03,314.50,960.00,-0.487,-0.207,0.891,-14.15,17.36,-37.58
17195,2.76,278.90,750.00,-0.487,-0.207,0.891,-14.15,17.36,-37.58
17215,2.57,261.20,662.00,-0.375,-0.190,1.089,-14.15,17.36,-37.58
17235,2.27,233.10,502.00,-0.375,-0.190,1.089,-12.71,0.21,-32.34
17255,1.92,193.40,360.00,-0.375,-0.190,1.089,-12.71,0.21,-32.34
17275,1.37,141.70,190.00,-0.375,-0.190,1.089,-12.71,0.21,-32.34
17295,0.88,92.30,76.00,-0.375,-0.190,1.089,-12.71,0.21,-32.34
17315,0.57,59.10,32.00,0.106,-0.121,1.080,-12.71,0.21,-32.34
17335,0.36,39.10,14.00,0.106,-0.121,1.080,-12.62,-14.63,-27.66
17355,0.23,25.70,6.00,0.106,-0.121,1.080,-12.62,-14.63,-27.66
17375,0.14,16.70,4.00,0.106,-0.121,1.080,-12.62,-14.63,-27.66
17395,0.08,11.10,0.00,0.106,-0.121,1.080,-12.62,-14.63,-27.66
17415,0.04,7.30,0.00,0.215,-0.124,0.900,-12.62,-14.63,-27.66
17435,0.02,4.90,0.00,0.215,-0.124,0.900,-13.15,-16.72,-25.56
17455,0.01,3.40,0.00,0.215,-0.124,0.900,-13.15,-16.72,-25.56
17475,0.00,2.20,0.00,0.215,-0.124,0.900,-13.15,-16.72,-25.56
17495,0.00,1.30,0.00,0.215,-0.124,0.900,-13.15,-16.72,-25.56
17515,0.00,0.80,0.00,0.139,-0.118,1.093,-13.15,-16.72,-25.56
17535,0.00,0.60,0.00,0.139,-0.118,1.093,-12.77,-5.70,-29.05
17555,0.00,0.10,0.00,0.139,-0.118,1.093,-12.77,-5.70,-29.05
17575,0.00,0.10,0.00,0.139,-0.118,1.093,-12.77,-5.70,-29.05
17595,0.00,0.00,0.00,0.139,-0.118,1.093,-12.77,-5.70,-29.05
17615,0.00,-0.20,0.00,0.003,-0.082,1.135,-12.77,-5.70,-29.05
17635,0.00,-0.20,0.00,0.003,-0.082,1.135,-13.91,14.86,-34.97
17655,0.00,-0.30,0.00,0.003,-0.082,1.135,-13.91,14.86,-34.97
17675,0.00,-0.20,0.00,0.003,-0.082,1.135,-13.91,14.86,-34.97
17695,0.00,-0.50,0.00,0.003,-0.082,1.135,-13.91,14.86,-34.97
17715,0.00,-0.50,0.00,-0.181,-0.146,0.882,-13.91,14.86,-34.97
17735,0.00,-0.50,0.00,-0.181,-0.146,0.882,-16.77,30.61,-41.15
17755,0.00,-0.50,0.00,-0.181,-0.146,0.882,-16.77,30.61,-41.15
17775,0.12,15.70,4.00,-0.181,-0.146,0.882,-16.77,30.61,-41.15
17795,0.94,100.50,102.00,-0.181,-0.146,0.882,-16.77,30.61,-41.15
17815,2.14,226.80,504.00,-0.312,-0.166,0.876,-16.77,30.61,-41.15
17835,2.86,295.50,848.00,-0.312,-0.166,0.876,-16.23,26.74,-40.86
19488,3.71,386.00,1442.00,-0.420,-0.167,0.974,-17.38,29.77,-40.81
19507,3.82,393.40,1484.00,-0.620,-0.174,0.752,-17.38,29.77,-40.81
19527,3.82,390.90,1484.00,-0.620,-0.174,0.752,-15.45,19.21,-38.30
19547,3.73,382.60,1436.00,-0.620,-0.174,0.752,-15.45,19.21,-38.30
19567,3.61,372.30,1320.00,-0.620,-0.174,0.752,-15.45,19.21,-38.30
19587,3.40,349.70,1182.00,-0.620,-0.174,0.752,-15.45,19.21,-38.30
19607,3.08,319.20,974.00,-0.409,-0.113,1.071,-15.45,19.21,-38.30
19627,2.84,287.50,800.00,-0.409,-0.113,1.071,-13.73,2.03,-31.04
19647,2.51,253.40,622.00,-0.409,-0.113,1.071,-13.73,2.03,-31.04
19667,2.17,224.40,466.00,-0.409,-0.113,1.071,-13.73,2.03,-31.04
19687,1.56,157.40,232.00,-0.409,-0.113,1.071,-13.73,2.03,-31.04
19707,0.98,102.20,98.00,-0.099,-0.186,1.054,-13.73,2.03,-31.04
19727,0.64,67.10,40.00,-0.099,-0.186,1.054,-13.55,-14.97,-24.42
19747,0.41,43.10,16.00,-0.099,-0.186,1.054,-13.55,-14.97,-24.42
19767,0.26,28.60,6.00,-0.099,-0.186,1.054,-13.55,-14.97,-24.42
19787,0.16,18.80,4.00,-0.099,-0.186,1.054,-13.55,-14.97,-24.42
19807,0.10,12.60,0.00,0.197,-0.062,0.823,-13.55,-14.97,-24.42
19827,0.06,8.60,0.00,0.197,-0.062,0.823,-14.28,-20.44,-20.45
19847,0.03,5.60,0.00,0.197,-0.062,0.823,-14.28,-20.44,-20.45
19867,0.01,3.90,0.00,0.197,-0.062,0.823,-14.28,-20.44,-20.45
19887,0.00,2.70,0.00,0.197,-0.062,0.823,-14.28,-20.44,-20.45
19907,0.00,1.60,0.00,0.296,-0.151,1.087,-14.28,-20.44,-20.45
19927,0.00,1.10,0.00,0.296,-0.151,1.087,-13.69,-10.00,-22.60
19947,0.00,0.80,0.00,0.296,-0.151,1.087,-13.69,-10.00,-22.60
19967,0.00,0.20,0.00,0.296,-0.151,1.087,-13.69,-10.00,-22.60
19987,0.00,0.20,0.00,0.296,-0.151,1.087,-13.69,-10.00,-22.60
20007,0.00,0.20,0.00,0.055,-0.004,1.279,-13.69,-10.00,-22.60
20027,0.00,-0.30,0.00,0.055,-0.004,1.279,-15.19,16.44,-30.42
20047,0.00,-0.20,0.00,0.055,-0.004,1.279,-15.19,16.44,-30.42
20067,0.00,-0.20,0.00,0.055,-0.004,1.279,-15.19,16.44,-30.42
20087,0.00,-0.10,0.00,0.055,-0.004,1.279,-15.19,16.44,-30.42
20107,0.00,-0.50,0.00,-0.107,-0.042,0.563,-15.19,16.44,-30.42
20127,0.03,7.50,0.00,-0.107,-0.042,0.563,-20.03,36.75,-40.42
21710,0.00,-0.30,0.00,-0.035,-0.122,1.210,-15.48,-24.74,-17.17
21730,0.00,0.00,0.00,-0.035,-0.122,1.210,-16.99,21.41,-29.66
21750,0.00,-0.30,0.00,-0.035,-0.122,1.210,-16.99,21.41,-29.66
21770,0.00,-0.20,0.00,-0.035,-0.122,1.210,-16.99,21.41,-29.66
21790,0.00,-0.20,0.00,-0.035,-0.122,1.210,-16.99,21.41,-29.66
21810,0.00,-0.10,0.00,-0.208,-0.173,0.856,-16.99,21.41,-29.66
21830,0.04,12.20,0.00,-0.208,-0.173,0.856,-21.71,38.77,-38.33
21850,0.79,85.50,82.00,-0.208,-0.173,0.856,-21.71,38.77,-38.33
21870,2.18,232.40,528.00,-0.208,-0.173,0.856,-21.71,38.77,-38.33
21890,3.04,315.70,974.00,-0.208,-0.173,0.856,-21.71,38.77,-38.33
21910,3.61,372.80,1392.00,-0.520,-0.157,0.905,-21.71,38.77,-38.33
21930,3.96,408.80,1626.00,-0.520,-0.157,0.905,-20.73,34.93,-37.28
21950,4.18,429.40,1786.00,-0.520,-0.157,0.905,-20.73,34.93,-37.28
21970,4.06,418.50,1694.00,-0.520,-0.157,0.905,-20.73,34.93,-37.28
21990,4.05,414.30,1668.00,-0.520,-0.157,0.905,-20.73,34.93,-37.28
22010,4.08,419.70,1694.00,-0.470,-0.125,0.927,-20.73,34.93,-37.28
22030,4.00,414.80,1664.00,-0.470,-0.125,0.927,-17.72,21.58,-31.95
22050,3.94,403.20,1576.00,-0.470,-0.125,0.927,-17.72,21.58,-31.95
22070,3.76,386.40,1452.00,-0.470,-0.125,0.927,-17.72,21.58,-31.95
22090,3.60,367.80,1318.00,-0.470,-0.125,0.927,-17.72,21.58,-31.95
22110,3.48,358.30,1236.00,-0.577,-0.131,1.054,-17.72,21.58,-31.95
22130,3.18,325.60,1020.00,-0.577,-0.131,1.054,-15.48,5.40,-23.90
22150,2.80,287.90,796.00,-0.577,-0.131,1.054,-15.48,5.40,-23.90
22170,2.32,238.70,548.00,-0.577,-0.131,1.054,-15.48,5.40,-23.90
22190,1.59,163.40,242.00,-0.577,-0.131,1.054,-15.48,5.40,-23.90
22210,1.08,109.80,114.00,-0.175,-0.184,1.171,-15.48,5.40,-23.90
22230,0.68,72.10,46.00,-0.175,-0.184,1.171,-15.50,-15.17,-15.42
22250,0.44,47.60,20.00,-0.175,-0.184,1.171,-15.50,-15.17,-15.42
22270,0.28,30.70,10.00,-0.175,-0.184,1.171,-15.50,-15.17,-15.42
22290,0.18,20.40,4.00,-0.175,-0.184,1.171,-15.50,-15.17,-15.42
22310,0.11,13.90,0.00,0.100,-0.030,0.713,-15.50,-15.17,-15.42
22330,0.06,9.00,0.00,0.100,-0.030,0.713,-16.68,-26.82,-9.50
23857,0.20,22.70,4.00,-0.422,-0.140,1.079,-16.36,5.33,-16.96
23876,0.13,15.70,4.00,-0.422,-0.140,1.079,-16.36,5.33,-16.96
23896,0.08,10.30,0.00,0.272,-0.046,0.842,-16.36,5.33,-16.96
23916,0.04,6.80,0.00,0.272,-0.046,0.842,-16.31,-22.18,-7.72
23936,0.02,4.60,0.00,0.272,-0.046,0.842,-16.31,-22.18,-7.72
23956,0.00,2.90,0.00,0.272,-0.046,0.842,-16.31,-22.18,-7.72
23976,0.00,1.90,0.00,0.272,-0.046,0.842,-16.31,-22.18,-7.72
23996,0.00,1.40,0.00,0.198,-0.064,1.071,-16.31,-22.18,-7.72
24016,0.00,1.00,0.00,0.198,-0.064,1.071,-15.71,-10.15,-12.93
24036,0.00,0.70,0.00,0.198,-0.064,1.071,-15.71,-10.15,-12.93
24056,0.00,0.30,0.00,0.198,-0.064,1.071,-15.71,-10.15,-12.93
24076,0.00,0.00,0.00,0.198,-0.064,1.071,-15.71,-10.15,-12.93
24096,0.00,0.00,0.00,0.098,-0.149,1.350,-15.71,-10.15,-12.93
24116,0.00,-0.20,0.00,0.098,-0.149,1.350,-16.95,15.86,-21.13
24136,0.00,-0.20,0.00,0.098,-0.149,1.350,-16.95,15.86,-21.13
24156,0.00,-0.20,0.00,0.098,-0.149,1.350,-16.95,15.86,-21.13
24176,0.00,-0.50,0.00,0.098,-0.149,1.350,-16.95,15.86,-21.13
24196,0.00,-0.30,0.00,-0.191,-0.146,0.883,-16.95,15.86,-21.13
24216,0.00,-0.50,0.00,-0.191,-0.146,0.883,-22.16,37.78,-30.88
24236,0.00,0.60,0.00,-0.191,-0.146,0.883,-22.16,37.78,-30.88
24256,0.56,63.60,46.00,-0.191,-0.146,0.883,-22.16,37.78,-30.88
24276,1.74,182.80,344.00,-0.191,-0.146,0.883,-22.16,37.78,-30.88
24296,2.92,310.30,938.00,-0.426,-0.113,0.656,-22.16,37.78,-30.88
24316,3.74,385.70,1442.00,-0.426,-0.113,0.656,-23.10,39.68,-32.26
24336,4.08,427.50,1780.00,-0.426,-0.113,0.656,-23.10,39.68,-32.26
24356,4.49,462.40,2074.00,-0.426,-0.113,0.656,-23.10,39.68,-32.26
24376,4.44,454.70,2012.00,-0.426,-0.113,0.656,-23.10,39.68,-32.26
24396,4.37,446.70,1940.00,-0.544,-0.202,0.872,-23.10,39.68,-32.26
24416,4.22,432.50,1816.00,-0.544,-0.202,0.872,-19.20,25.42,-28.27
24436,4.02,415.00,1652.00,-0.544,-0.202,0.872,-19.20,25.42,-28.27
24456,3.79,387.70,1452.00,-0.544,-0.202,0.872,-19.20,25.42,-28.27
24476,3.43,354.90,1222.00,-0.544,-0.202,0.872,-19.20,25.42,-28.27
24496,3.16,326.10,1022.00,-0.381,-0.189,1.019,-19.20,25.42,-28.27
25899,0.00,-0.40,0.00,-0.248,-0.117,0.831,-18.34,21.95,-16.09
25918,0.10,16.00,4.00,-0.248,-0.117,0.831,-23.94,41.34,-26.66
25938,0.77,85.00,78.00,-0.248,-0.117,0.831,-23.94,41.34,-26.66
25958,1.87,195.70,406.00,-0.248,-0.117,0.831,-23.94,41.34,-26.66
25978,2.93,306.70,918.00,-0.248,-0.117,0.831,-23.94,41.34,-26.66
25998,3.62,373.90,1386.00,-0.472,-0.152,0.750,-23.94,41.34,-26.66
26018,4.18,432.10,1816.00,-0.472,-0.152,0.750,-23.88,38.98,-27.63
26038,4.32,444.40,1916.00,-0.472,-0.152,0.750,-23.88,38.98,-27.63
26058,4.31,443.20,1904.00,-0.472,-0.152,0.750,-23.88,38.98,-27.63
26078,4.30,440.60,1890.00,-0.472,-0.152,0.750,-23.88,38.98,-27.63
26098,4.37,448.40,1956.00,-0.625,-0.119,0.812,-23.88,38.98,-27.63
26118,4.30,440.80,1904.00,-0.625,-0.119,0.812,-19.88,26.05,-22.57
26138,4.25,433.80,1836.00,-0.625,-0.119,0.812,-19.88,26.05,-22.57
26158,3.95,407.20,1580.00,-0.625,-0.119,0.812,-19.88,26.05,-22.57
26178,3.59,369.90,1318.00,-0.625,-0.119,0.812,-19.88,26.05,-22.57
26198,3.20,328.30,1036.00,-0.453,-0.124,1.067,-19.88,26.05,-22.57
26218,2.74,282.30,776.00,-0.453,-0.124,1.067,-16.82,6.41,-13.66
26238,2.32,238.80,550.00,-0.453,-0.124,1.067,-16.82,6.41,-13.66
26258,1.85,191.20,350.00,-0.453,-0.124,1.067,-16.82,6.41,-13.66
26278,1.30,134.90,164.00,-0.453,-0.124,1.067,-16.82,6.41,-13.66
26298,0.86,87.60,72.00,-0.102,-0.129,1.043,-16.82,6.41,-13.66
26318,0.54,57.30,30.00,-0.102,-0.129,1.043,-16.29,-12.01,-5.32
26338,0.35,37.90,14.00,-0.102,-0.129,1.043,-16.29,-12.01,-5.32
26358,0.22,25.00,6.00,-0.102,-0.129,1.043,-16.29,-12.01,-5.32
26378,0.13,16.40,4.00,-0.102,-0.129,1.043,-16.29,-12.01,-5.32
26398,0.08,11.10,0.00,0.081,-0.092,0.967,-16.29,-12.01,-5.32
26418,0.05,7.30,0.00,0.081,-0.092,0.967,-16.78,-16.78,-1.37
26438,0.02,5.10,0.00,0.081,-0.092,0.967,-16.78,-16.78,-1.37
26458,0.01,3.40,0.00,0.081,-0.092,0.967,-16.78,-16.78,-1.37
26478,0.00,2.20,0.00,0.081,-0.092,0.967,-16.78,-16.78,-1.37
26498,0.00,1.70,0.00,0.189,-0.081,0.967,-16.78,-16.78,-1.37
26518,0.00,1.00,0.00,0.189,-0.081,0.967,-16.38,-12.02,-1.77
26538,0.00,0.80,0.00,0.189,-0.081,0.967,-16.38,-12.02,-1.77
28236,0.04,6.90,0.00,0.103,-0.139,0.884,-16.88,-21.64,1.90
28255,0.02,4.50,0.00,0.103,-0.139,0.884,-16.88,-21.64,1.90
28275,0.00,2.80,0.00,0.207,-0.142,0.950,-16.88,-21.64,1.90
28295,0.00,2.10,0.00,0.207,-0.142,0.950,-16.88,-21.64,1.90
28315,0.00,1.10,0.00,0.207,-0.142,0.950,-16.88,-21.64,1.90
28335,0.00,0.50,0.00,0.207,-0.142,0.950,-16.88,-21.64,1.90
28355,0.00,0.60,0.00,0.207,-0.142,0.950,-16.88,-21.64,1.90
28375,0.00,0.30,0.00,0.069,-0.206,1.108,-16.88,-21.64,1.90
28395,0.00,0.10,0.00,0.069,-0.206,1.108,-16.88,-21.64,1.90
28415,0.00,0.00,0.00,0.069,-0.206,1.108,-16.16,2.68,-3.24
28435,0.00,0.00,0.00,0.069,-0.206,1.108,-16.16,2.68,-3.24
28455,0.00,-0.10,0.00,0.069,-0.206,1.108,-16.16,2.68,-3.24
28475,0.00,-0.20,0.00,-0.007,-0.188,1.287,-16.16,2.68,-3.24
28495,0.00,-0.40,0.00,-0.007,-0.188,1.287,-16.16,2.68,-3.24
28515,0.00,-0.30,0.00,-0.007,-0.188,1.287,-19.49,27.38,-13.88
28535,0.00,-0.50,0.00,-0.007,-0.188,1.287,-19.49,27.38,-13.88
28555,0.00,-0.20,0.00,-0.007,-0.188,1.287,-19.49,27.38,-13.88
28575,0.29,34.20,10.00,-0.047,-0.219,1.117,-19.49,27.38,-13.88
28595,1.18,134.50,176.00,-0.047,-0.219,1.117,-19.49,27.38,-13.88
28615,2.53,264.20,702.00,-0.047,-0.219,1.117,-22.30,34.47,-20.01
28635,3.05,313.00,950.00,-0.047,-0.219,1.117,-22.30,34.47,-20.01
28655,3.11,318.20,980.00,-0.047,-0.219,1.117,-22.30,34.47,-20.01
28675,3.12,320.60,996.00,-0.396,-0.078,0.884,-22.30,34.47,-20.01
28695,3.12,318.10,986.00,-0.396,-0.078,0.884,-22.30,34.47,-20.01
28715,3.05,313.40,954.00,-0.396,-0.078,0.884,-19.94,24.71,-19.53
28735,3.16,325.00,1058.00,-0.396,-0.078,0.884,-19.94,24.71,-19.53
28755,3.59,370.40,1334.00,-0.396,-0.078,0.884,-19.94,24.71,-19.53
28775,3.66,376.30,1376.00,-0.652,-0.217,0.752,-19.94,24.71,-19.53
28795,3.52,364.30,1282.00,-0.652,-0.217,0.752,-19.94,24.71,-19.53
28815,3.46,353.20,1210.00,-0.652,-0.217,0.752,-18.29,16.64,-19.34
28835,3.32,342.60,1120.00,-0.652,-0.217,0.752,-18.29,16.64,-19.34
28855,3.08,316.10,960.00,-0.652,-0.217,0.752,-18.29,16.64,-19.34
28875,2.82,287.20,800.00,-0.432,-0.159,1.056,-18.29,16.64,-19.34
30517,1.59,163.50,242.00,-0.277,-0.132,1.209,-14.97,-6.27,-14.50
30537,1.02,106.00,102.00,-0.277,-0.132,1.209,-14.97,-6.27,-14.50
30557,0.66,67.40,42.00,-0.277,-0.132,1.209,-14.97,-6.27,-14.50
30577,0.41,44.40,16.00,0.153,-0.046,0.943,-14.97,-6.27,-14.50
30597,0.26,28.70,6.00,0.153,-0.046,0.943,-14.85,-20.74,-9.47
30617,0.16,19.00,4.00,0.153,-0.046,0.943,-14.85,-20.74,-9.47
30637,0.10,12.70,0.00,0.153,-0.046,0.943,-14.85,-20.74,-9.47
30657,0.06,8.30,0.00,0.153,-0.046,0.943,-14.85,-20.74,-9.47
30677,0.03,5.70,0.00,0.366,-0.146,0.961,-14.85,-20.74,-9.47
30697,0.01,3.70,0.00,0.366,-0.146,0.961,-14.29,-13.01,-10.15
30717,0.00,2.50,0.00,0.366,-0.146,0.961,-14.29,-13.01,-10.15
30737,0.00,1.50,0.00,0.366,-0.146,0.961,-14.29,-13.01,-10.15
30757,0.00,0.70,0.00,0.366,-0.146,0.961,-14.29,-13.01,-10.15
30777,0.00,0.60,0.00,0.021,-0.179,1.243,-14.29,-13.01,-10.15
30797,0.00,0.00,0.00,0.021,-0.179,1.243,-15.71,14.69,-18.40
30817,0.00,0.10,0.00,0.021,-0.179,1.243,-15.71,14.69,-18.40
30837,0.00,0.40,0.00,0.021,-0.179,1.243,-15.71,14.69,-18.40
30857,0.00,-0.10,0.00,0.021,-0.179,1.243,-15.71,14.69,-18.40
30877,0.00,-0.10,0.00,-0.265,-0.112,0.733,-15.71,14.69,-18.40
30897,0.22,26.80,6.00,-0.265,-0.112,0.733,-19.88,35.56,-27.10
30917,0.96,103.60,108.00,-0.265,-0.112,0.733,-19.88,35.56,-27.10
30937,1.86,203.10,400.00,-0.265,-0.112,0.733,-19.88,35.56,-27.10
30957,2.86,296.80,904.00,-0.265,-0.112,0.733,-19.88,35.56,-27.10
30977,3.64,375.50,1422.00,-0.625,-0.141,0.649,-19.88,35.56,-27.10
30997,4.11,424.30,1760.00,-0.625,-0.141,0.649,-18.41,28.74,-27.04
31017,4.28,440.10,1904.00,-0.625,-0.141,0.649,-18.41,28.74,-27.04
31037,4.14,423.70,1750.00,-0.625,-0.141,0.649,-18.41,28.74,-27.04
31057,3.83,387.50,1454.00,-0.625,-0.141,0.649,-18.41,28.74,-27.04
31077,3.23,332.70,1038.00,-0.309,-0.137,1.130,-18.41,28.74,-27.04
31097,2.81,282.40,766.00,-0.309,-0.137,1.130,-14.61,4.10,-21.34
31117,2.02,202.70,394.00,-0.309,-0.137,1.130,-14.61,4.10,-21.34
31137,1.29,133.00,160.00,-0.309,-0.137,1.130,-14.61,4.10,-21.34
31157,0.84,85.10,68.00,-0.309,-0.137,1.130,-14.61,4.10,-21.34
32651,0.07,9.90,0.00,-0.664,-0.270,1.036,-14.72,12.61,-26.64
32670,0.04,6.90,0.00,0.194,-0.166,0.792,-14.72,12.61,-26.64
32690,0.02,4.80,0.00,0.194,-0.166,0.792,-13.72,-17.87,-14.23
32710,0.01,3.00,0.00,0.194,-0.166,0.792,-13.72,-17.87,-14.23
32730,0.00,1.80,0.00,0.194,-0.166,0.792,-13.72,-17.87,-14.23
32750,0.00,1.40,0.00,0.194,-0.166,0.792,-13.72,-17.87,-14.23
32770,0.00,0.70,0.00,0.266,-0.155,1.177,-13.72,-17.87,-14.23
32790,0.00,0.60,0.00,0.266,-0.155,1.177,-13.43,-2.42,-17.73
32810,0.00,0.40,0.00,0.266,-0.155,1.177,-13.43,-2.42,-17.73
32830,0.00,0.00,0.00,0.266,-0.155,1.177,-13.43,-2.42,-17.73
32850,0.00,0.00,0.00,0.266,-0.155,1.177,-13.43,-2.42,-17.73
32870,0.00,0.10,0.00,-0.060,-0.133,1.071,-13.43,-2.42,-17.73
32890,0.00,0.10,0.00,-0.060,-0.133,1.071,-15.77,22.11,-24.71
32910,0.00,0.00,0.00,-0.060,-0.133,1.071,-15.77,22.11,-24.71
32930,0.00,-0.30,0.00,-0.060,-0.133,1.071,-15.77,22.11,-24.71
32950,0.00,-0.30,0.00,-0.060,-0.133,1.071,-15.77,22.11,-24.71
32970,0.14,18.50,4.00,-0.200,-0.155,0.822,-15.77,22.11,-24.71
32990,0.81,93.30,86.00,-0.200,-0.155,0.822,-18.98,35.17,-30.38
33010,1.90,201.10,420.00,-0.200,-0.155,0.822,-18.98,35.17,-30.38
33030,2.56,267.00,688.00,-0.200,-0.155,0.822,-18.98,35.17,-30.38
33050,2.84,299.00,868.00,-0.200,-0.155,0.822,-18.98,35.17,-30.38
33070,3.14,325.90,1032.00,-0.466,0.077,0.727,-18.98,35.17,-30.38
33090,3.30,338.10,1110.00,-0.466,0.077,0.727,-17.76,29.95,-28.97
33110,3.51,360.70,1258.00,-0.466,0.077,0.727,-17.76,29.95,-28.97
33130,3.48,361.20,1274.00,-0.466,0.077,0.727,-17.76,29.95,-28.97
33150,3.66,378.10,1382.00,-0.466,0.077,0.727,-17.76,29.95,-28.97
33170,3.76,386.90,1438.00,-0.528,-0.062,0.979,-17.76,29.95,-28.97
33190,3.72,382.10,1412.00,-0.528,-0.062,0.979,-15.32,17.12,-25.48
33210,3.64,374.80,1364.00,-0.528,-0.062,0.979,-15.32,17.12,-25.48
33230,3.58,367.20,1298.00,-0.528,-0.062,0.979,-15.32,17.12,-25.48
33250,3.36,347.80,1170.00,-0.528,-0.062,0.979,-15.32,17.12,-25.48
33270,3.02,312.00,940.00,-0.393,-0.046,1.137,-15.32,17.12,-25.48
33290,2.59,266.20,652.00,-0.393,-0.046,1.137,-13.68,-1.28,-18.17
34892,0.02,5.10,0.00,0.268,-0.095,0.933,-14.60,-18.05,-5.66
34911,0.00,3.50,0.00,0.268,-0.095,0.933,-14.60,-18.05,-5.66
34931,0.00,2.40,0.00,0.268,-0.095,0.933,-14.60,-18.05,-5.66
34951,0.00,1.30,0.00,0.268,-0.095,0.933,-14.60,-18.05,-5.66
34971,0.00,0.60,0.00,0.248,-0.074,1.146,-14.60,-18.05,-5.66
34991,0.00,0.70,0.00,0.248,-0.074,1.146,-14.47,-0.35,-9.34
35011,0.00,0.50,0.00,0.248,-0.074,1.146,-14.47,-0.35,-9.34
35031,0.00,0.20,0.00,0.248,-0.074,1.146,-14.47,-0.35,-9.34
35051,0.00,-0.20,0.00,0.248,-0.074,1.146,-14.47,-0.35,-9.34
35071,0.00,-0.10,0.00,-0.173,-0.224,1.168,-14.47,-0.35,-9.34
35091,0.00,0.20,0.00,-0.173,-0.224,1.168,-17.47,27.33,-17.68
35111,0.00,-0.20,0.00,-0.173,-0.224,1.168,-17.47,27.33,-17.68
35131,0.00,-0.40,0.00,-0.173,-0.224,1.168,-17.47,27.33,-17.68
35151,0.00,-0.30,0.00,-0.173,-0.224,1.168,-17.47,27.33,-17.68
35171,0.05,15.90,4.00,-0.260,-0.038,0.691,-17.47,27.33,-17.68
35191,0.96,103.80,122.00,-0.260,-0.038,0.691,-20.54,37.72,-23.63
35211,2.60,281.00,776.00,-0.260,-0.038,0.691,-20.54,37.72,-23.63
35231,4.05,423.40,1746.00,-0.260,-0.038,0.691,-20.54,37.72,-23.63
35251,4.60,473.40,2212.00,-0.260,-0.038,0.691,-20.54,37.72,-23.63
35271,4.62,475.30,2196.00,-0.758,-0.198,0.947,-20.54,37.72,-23.63
35291,4.58,472.40,2170.00,-0.758,-0.198,0.947,-17.79,24.76,-21.06
35311,4.44,457.30,2002.00,-0.758,-0.198,0.947,-17.79,24.76,-21.06
35331,4.14,422.10,1730.00,-0.758,-0.198,0.947,-17.79,24.76,-21.06
35351,3.70,380.50,1410.00,-0.758,-0.198,0.947,-17.79,24.76,-21.06
35371,3.37,348.40,1156.00,-0.418,-0.148,1.012,-17.79,24.76,-21.06
35391,2.97,307.60,918.00,-0.418,-0.148,1.012,-14.83,3.80,-13.18
35411,2.64,272.20,684.00,-0.418,-0.148,1.012,-14.83,3.80,-13.18
35431,2.11,215.90,430.00,-0.418,-0.148,1.012,-14.83,3.80,-13.18
35451,1.42,143.30,194.00,-0.418,-0.148,1.012,-14.83,3.80,-13.18
35471,0.90,93.30,78.00,-0.088,-0.105,1.051,-14.83,3.80,-13.18
35491,0.58,60.40,32.00,-0.088,-0.105,1.051,-14.63,-14.11,-5.72
35511,0.38,39.60,14.00,-0.088,-0.105,1.051,-14.63,-14.11,-5.72
35531,0.23,26.30,6.00,-0.088,-0.105,1.051,-14.63,-14.11,-5.72
37111,0.18,21.00,4.00,-0.105,-0.124,1.091,-15.83,-15.10,-0.11
37130,0.12,14.10,0.00,-0.105,-0.124,1.091,-15.83,-15.10,-0.11
37150,0.07,9.50,0.00,0.167,-0.172,0.870,-15.83,-15.10,-0.11
37170,0.04,6.40,0.00,0.167,-0.172,0.870,-16.10,-21.28,4.44
37190,0.01,4.40,0.00,0.167,-0.172,0.870,-16.10,-21.28,4.44
37210,0.00,2.80,0.00,0.167,-0.172,0.870,-16.10,-21.28,4.44
37230,0.00,2.00,0.00,0.167,-0.172,0.870,-16.10,-21.28,4.44
37250,0.00,1.00,0.00,0.299,-0.122,1.039,-16.10,-21.28,4.44
37270,0.00,1.00,0.00,0.299,-0.122,1.039,-15.64,-9.73,2.52
37290,0.00,0.50,0.00,0.299,-0.122,1.039,-15.64,-9.73,2.52
37310,0.00,0.10,0.00,0.299,-0.122,1.039,-15.64,-9.73,2.52
37330,0.00,0.30,0.00,0.299,-0.122,1.039,-15.64,-9.73,2.52
37350,0.00,0.10,0.00,-0.027,-0.236,1.286,-15.64,-9.73,2.52
37370,0.00,-0.10,0.00,-0.027,-0.236,1.286,-17.45,18.83,-6.55
37390,0.00,-0.30,0.00,-0.027,-0.236,1.286,-17.45,18.83,-6.55
37410,0.00,0.10,0.00,-0.027,-0.236,1.286,-17.45,18.83,-6.55
37430,0.00,-0.20,0.00,-0.027,-0.236,1.286,-17.45,18.83,-6.55
37450,0.00,0.00,0.00,-0.235,-0.103,0.823,-17.45,18.83,-6.55
37470,0.00,-0.40,0.00,-0.235,-0.103,0.823,-22.91,40.13,-17.58
37490,0.00,-0.50,0.00,-0.235,-0.103,0.823,-22.91,40.13,-17.58
37510,0.45,51.90,26.00,-0.235,-0.103,0.823,-22.91,40.13,-17.58
37530,1.57,166.10,298.00,-0.235,-0.103,0.823,-22.91,40.13,-17.58
37550,3.04,317.80,1010.00,-0.390,-0.219,0.724,-22.91,40.13,-17.58
37570,3.97,414.90,1684.00,-0.390,-0.219,0.724,-22.81,36.80,-20.02
37590,4.42,455.60,2006.00,-0.390,-0.219,0.724,-22.81,36.80,-20.02
37610,4.44,454.00,2006.00,-0.390,-0.219,0.724,-22.81,36.80,-20.02
37630,4.37,447.20,1946.00,-0.390,-0.219,0.724,-22.81,36.80,-20.02
37650,4.31,444.00,1916.00,-0.534,-0.195,0.909,-22.81,36.80,-20.02
37670,4.20,430.40,1798.00,-0.534,-0.195,0.909,-18.38,18.27,-15.78
37690,3.91,402.50,1570.00,-0.534,-0.195,0.909,-18.38,18.27,-15.78
37710,3.53,364.20,1278.00,-0.534,-0.195,0.909,-18.38,18.27,-15.78
37730,3.16,323.70,1006.00,-0.534,-0.195,0.909,-18.38,18.27,-15.78
37750,2.76,284.20,784.00,-0.365,-0.146,1.151,-18.38,18.27,-15.78
39494,0.01,3.80,0.00,-0.244,-0.125,0.802,-22.25,37.70,-20.13
39513,0.00,2.70,0.00,-0.244,-0.125,0.802,-22.25,37.70,-20.13
39533,0.00,1.60,0.00,-0.244,-0.125,0.802,-22.25,37.70,-20.13
39553,0.00,1.10,0.00,-0.244,-0.125,0.802,-22.25,37.70,-20.13
39573,0.00,0.80,0.00,-0.244,-0.125,0.802,-16.20,6.87,-11.87
39593,0.00,0.20,0.00,-0.244,-0.125,0.802,-16.20,6.87,-11.87
39613,0.00,0.30,0.00,-0.244,-0.125,0.802,-16.20,6.87,-11.87
39633,0.00,0.20,0.00,-0.244,-0.125,0.802,-16.20,6.87,-11.87
39653,0.00,-0.20,0.00,-0.104,-0.089,1.042,-16.20,6.87,-11.87
39673,0.00,0.00,0.00,-0.104,-0.089,1.042,-19.09,28.65,-19.20
39693,0.00,-0.10,0.00,-0.104,-0.089,1.042,-19.09,28.65,-19.20
39713,0.00,-0.10,0.00,-0.104,-0.089,1.042,-19.09,28.65,-19.20
39733,0.41,45.70,22.00,-0.104,-0.089,1.042,-19.09,28.65,-19.20
39753,1.34,144.10,204.00,-0.278,-0.140,0.752,-19.09,28.65,-19.20
39773,2.73,284.40,836.00,-0.278,-0.140,0.752,-20.23,31.40,-22.62
39793,3.78,392.70,1560.00,-0.278,-0.140,0.752,-20.23,31.40,-22.62
39813,4.12,422.50,1736.00,-0.278,-0.140,0.752,-20.23,31.40,-22.62
39833,4.02,413.90,1652.00,-0.278,-0.140,0.752,-20.23,31.40,-22.62
39853,4.06,419.10,1700.00,-0.538,-0.138,0.841,-20.23,31.40,-22.62
39873,3.96,407.70,1608.00,-0.538,-0.138,0.841,-17.23,16.36,-18.41
39893,3.65,375.00,1324.00,-0.538,-0.138,0.841,-17.23,16.36,-18.41
39913,3.43,351.60,1200.00,-0.538,-0.138,0.841,-17.23,16.36,-18.41
39933,3.04,306.00,904.00,-0.538,-0.138,0.841,-17.23,16.36,-18.41
39953,2.58,266.20,688.00,-0.289,-0.110,1.078,-17.23,16.36,-18.41
39973,2.10,211.90,430.00,-0.289,-0.110,1.078,-15.36,-4.02,-9.49
39993,1.35,139.40,184.00,-0.289,-0.110,1.078,-15.36,-4.02,-9.49
40013,0.89,92.80,76.00,-0.289,-0.110,1.078,-15.36,-4.02,-9.49
40033,0.57,59.50,32.00,-0.289,-0.110,1.078,-15.36,-4.02,-9.49
40053,0.36,38.90,14.00,0.045,-0.118,0.964,-15.36,-4.02,-9.49
40073,0.23,25.80,6.00,0.045,-0.118,0.964,-15.60,-18.90,-2.54
40093,0.14,16.90,4.00,0.045,-0.118,0.964,-15.60,-18.90,-2.54
40113,0.09,11.50,0.00,0.045,-0.118,0.964,-15.60,-18.90,-2.54
40133,0.05,7.70,0.00,0.045,-0.118,0.964,-15.60,-18.90,-2.54
41816,0.00,0.30,0.00,0.236,-0.121,1.007,-15.18,-8.28,-3.07
41836,0.00,0.00,0.00,-0.022,-0.194,1.188,-15.18,-8.28,-3.07
41856,0.00,0.10,0.00,-0.022,-0.194,1.188,-16.62,17.09,-10.68
41876,0.00,-0.10,0.00,-0.022,-0.194,1.188,-16.62,17.09,-10.68
41896,0.00,0.00,0.00,-0.022,-0.194,1.188,-16.62,17.09,-10.68
41916,0.00,-0.60,0.00,-0.022,-0.194,1.188,-16.62,17.09,-10.68
41936,0.00,-0.20,0.00,-0.152,-0.054,0.761,-16.62,17.09,-10.68
41956,0.00,-0.20,0.00,-0.152,-0.054,0.761,-20.43,35.31,-18.76
41976,0.00,4.70,0.00,-0.152,-0.054,0.761,-20.43,35.31,-18.76
41996,0.39,49.80,22.00,-0.152,-0.054,0.761,-20.43,35.31,-18.76
42016,1.58,167.30,276.00,-0.152,-0.054,0.761,-20.43,35.31,-18.76
42036,2.68,278.80,776.00,-0.297,-0.161,0.823,-20.43,35.31,-18.76
42056,3.67,384.30,1438.00,-0.297,-0.161,0.823,-20.39,33.06,-20.65
42076,4.04,416.60,1664.00,-0.297,-0.161,0.823,-20.39,33.06,-20.65
42096,3.91,403.30,1566.00,-0.297,-0.161,0.823,-20.39,33.06,-20.65
42116,4.12,426.70,1770.00,-0.297,-0.161,0.823,-20.39,33.06,-20.65
42136,4.22,435.00,1838.00,-0.657,-0.105,0.755,-20.39,33.06,-20.65
42156,4.22,434.60,1832.00,-0.657,-0.105,0.755,-17.68,20.51,-17.01
42176,3.96,409.40,1618.00,-0.657,-0.105,0.755,-17.68,20.51,-17.01
42196,3.76,385.10,1428.00,-0.657,-0.105,0.755,-17.68,20.51,-17.01
42216,3.36,346.90,1160.00,-0.657,-0.105,0.755,-17.68,20.51,-17.01
42236,2.87,295.70,846.00,-0.274,-0.119,1.292,-17.68,20.51,-17.01
42256,2.47,255.60,632.00,-0.274,-0.119,1.292,-15.33,-1.25,-8.03
42276,2.02,206.10,406.00,-0.274,-0.119,1.292,-15.33,-1.25,-8.03
42296,1.34,138.00,170.00,-0.274,-0.119,1.292,-15.33,-1.25,-8.03
42316,0.87,89.80,72.00,-0.274,-0.119,1.292,-15.33,-1.25,-8.03
42336,0.56,58.00,30.00,-0.063,-0.123,1.050,-15.33,-1.25,-8.03
42356,0.35,37.90,14.00,-0.063,-0.123,1.050,-15.62,-18.52,-0.74
42376,0.22,25.00,6.00,-0.063,-0.123,1.050,-15.62,-18.52,-0.74
42396,0.14,16.80,4.00,-0.063,-0.123,1.050,-15.62,-18.52,-0.74
42416,0.08,11.10,0.00,-0.063,-0.123,1.050,-15.62,-18.52,-0.74
42436,0.05,7.40,0.00,0.367,-0.132,0.815,-15.62,-18.52,-0.74
42456,0.02,5.10,0.00,0.367,-0.132,0.815,-15.80,-21.23,2.49
44019,0.00,1.20,0.00,-0.158,-0.122,1.149,-15.87,-9.45,-7.82
44038,0.00,0.70,0.00,0.145,-0.160,1.200,-15.87,-9.45,-7.82
44058,0.00,0.80,0.00,0.145,-0.160,1.200,-15.55,2.27,-9.92
44078,0.00,0.30,0.00,0.145,-0.160,1.200,-15.55,2.27,-9.92
44098,0.00,0.00,0.00,0.145,-0.160,1.200,-15.55,2.27,-9.92
44118,0.00,-0.20,0.00,0.145,-0.160,1.200,-15.55,2.27,-9.92
44138,0.00,0.00,0.00,-0.099,-0.183,1.095,-15.55,2.27,-9.92
44158,0.00,-0.30,0.00,-0.099,-0.183,1.095,-19.42,29.08,-19.87
44178,0.00,-0.20,0.00,-0.099,-0.183,1.095,-19.42,29.08,-19.87
44198,0.00,-0.20,0.00,-0.099,-0.183,1.095,-19.42,29.08,-19.87
44218,0.00,-0.30,0.00,-0.099,-0.183,1.095,-19.42,29.08,-19.87
44238,0.04,10.00,0.00,-0.280,-0.138,0.704,-19.42,29.08,-19.87
44258,1.26,137.40,212.00,-0.280,-0.138,0.704,-23.32,40.42,-27.61
44278,2.56,268.70,744.00,-0.280,-0.138,0.704,-23.32,40.42,-27.61
44298,3.52,367.40,1318.00,-0.280,-0.138,0.704,-23.32,40.42,-27.61
44318,4.14,426.20,1796.00,-0.280,-0.138,0.704,-23.32,40.42,-27.61
44338,4.33,445.60,1926.00,-0.755,-0.083,0.687,-23.32,40.42,-27.61
44358,4.37,450.20,1966.00,-0.755,-0.083,0.687,-20.50,29.19,-26.27
44378,4.26,438.40,1838.00,-0.755,-0.083,0.687,-20.50,29.19,-26.27
44398,4.24,436.30,1852.00,-0.755,-0.083,0.687,-20.50,29.19,-26.27
44418,4.24,436.40,1854.00,-0.755,-0.083,0.687,-20.50,29.19,-26.27
44438,4.03,414.90,1638.00,-0.568,-0.224,1.039,-20.50,29.19,-26.27
44458,3.66,373.60,1344.00,-0.568,-0.224,1.039,-16.59,8.48,-19.19
44478,3.18,326.20,1022.00,-0.568,-0.224,1.039,-16.59,8.48,-19.19
44498,2.67,273.40,708.00,-0.568,-0.224,1.039,-16.59,8.48,-19.19
44518,2.08,211.80,430.00,-0.568,-0.224,1.039,-16.59,8.48,-19.19
44538,1.42,145.70,194.00,-0.100,-0.114,1.082,-16.59,8.48,-19.19
44558,0.91,92.90,82.00,-0.100,-0.114,1.082,-15.26,-13.12,-11.57
44578,0.59,60.90,32.00,-0.100,-0.114,1.082,-15.26,-13.12,-11.57
44598,0.37,40.20,14.00,-0.100,-0.114,1.082,-15.26,-13.12,-11.57
44618,0.24,26.10,6.00,-0.100,-0.114,1.082,-15.26,-13.12,-11.57
44638,0.15,17.30,4.00,0.136,-0.216,0.867,-15.26,-13.12,-11.57
44658,0.09,11.70,0.00,0.136,-0.216,0.867,-15.88,-20.74,-7.51
46220,0.00,2.00,0.00,0.202,-0.116,1.115,-15.24,-9.88,-16.96
46239,0.00,1.60,0.00,0.202,-0.116,1.115,-15.24,-9.88,-16.96
46259,0.00,1.10,0.00,0.202,-0.116,1.115,-15.46,-5.34,-17.67
46279,0.00,0.50,0.00,0.202,-0.116,1.115,-15.46,-5.34,-17.67
46299,0.00,0.40,0.00,0.202,-0.116,1.115,-15.46,-5.34,-17.67
46319,0.00,-0.10,0.00,0.103,-0.162,1.234,-15.46,-5.34,-17.67
46339,0.00,0.20,0.00,0.103,-0.162,1.234,-15.46,-5.34,-17.67
46359,0.00,-0.10,0.00,0.103,-0.162,1.234,-17.74,20.57,-25.48
46379,0.00,0.00,0.00,0.103,-0.162,1.234,-17.74,20.57,-25.48
46399,0.00,-0.20,0.00,0.103,-0.162,1.234,-17.74,20.57,-25.48
46419,0.00,-0.30,0.00,-0.195,-0.166,0.842,-17.74,20.57,-25.48
46439,0.00,-0.20,0.00,-0.195,-0.166,0.842,-21.77,36.59,-33.75
46459,0.12,17.80,4.00,-0.195,-0.166,0.842,-21.77,36.59,-33.75
46479,1.02,118.30,138.00,-0.195,-0.166,0.842,-21.77,36.59,-33.75
46499,2.56,267.20,734.00,-0.195,-0.166,0.842,-21.77,36.59,-33.75
46519,3.56,376.00,1374.00,-0.479,-0.123,0.864,-21.77,36.59,-33.75
46539,4.27,444.50,1914.00,-0.479,-0.123,0.864,-20.59,31.67,-33.57
46559,4.41,454.20,2002.00,-0.479,-0.123,0.864,-20.59,31.67,-33.57
46579,4.62,476.20,2198.00,-0.479,-0.123,0.864,-20.59,31.67,-33.57
46599,4.72,484.80,2294.00,-0.479,-0.123,0.864,-20.59,31.67,-33.57
46619,4.51,464.40,2062.00,-0.648,-0.170,1.084,-20.59,31.67,-33.57
46639,4.16,430.80,1792.00,-0.648,-0.170,1.084,-16.91,11.57,-28.11
46659,3.80,388.50,1452.00,-0.648,-0.170,1.084,-16.91,11.57,-28.11
46679,3.14,321.50,956.00,-0.648,-0.170,1.084,-16.91,11.57,-28.11
46699,2.42,244.10,570.00,-0.648,-0.170,1.084,-16.91,11.57,-28.11
46719,1.77,182.50,302.00,-0.082,-0.047,1.148,-16.91,11.57,-28.11
46739,1.22,126.30,144.00,-0.082,-0.047,1.148,-15.40,-15.44,-19.28
46759,0.78,80.60,58.00,-0.082,-0.047,1.148,-15.40,-15.44,-19.28
46779,0.50,52.80,22.00,-0.082,-0.047,1.148,-15.40,-15.44,-19.28
46799,0.32,34.30,10.00,-0.082,-0.047,1.148,-15.40,-15.44,-19.28
46819,0.20,22.60,4.00,0.251,-0.080,0.805,-15.40,-15.44,-19.28
46839,0.12,15.10,4.00,0.251,-0.080,0.805,-16.19,-24.61,-14.86
46859,0.08,9.80,0.00,0.251,-0.080,0.805,-16.19,-24.61,-14.86
48468,0.02,5.50,0.00,0.149,-0.061,0.862,-15.59,-23.88,-20.01
48488,0.01,3.70,0.00,0.149,-0.061,0.862,-15.59,-23.88,-20.01
48508,0.00,2.40,0.00,0.149,-0.061,0.862,-15.59,-23.88,-20.01
48528,0.00,1.60,0.00,0.250,-0.204,1.109,-15.59,-23.88,-20.01
48548,0.00,1.20,0.00,0.250,-0.204,1.109,-14.80,-10.08,-21.78
48568,0.00,0.50,0.00,0.250,-0.204,1.109,-14.80,-10.08,-21.78
48588,0.00,0.60,0.00,0.250,-0.204,1.109,-14.80,-10.08,-21.78
48608,0.00,0.20,0.00,0.250,-0.204,1.109,-14.80,-10.08,-21.78
48628,0.00,-0.20,0.00,0.189,-0.135,1.362,-14.80,-10.08,-21.78
48648,0.00,-0.10,0.00,0.189,-0.135,1.362,-16.36,17.67,-28.49
48668,0.00,0.20,0.00,0.189,-0.135,1.362,-16.36,17.67,-28.49
48688,0.00,-0.10,0.00,0.189,-0.135,1.362,-16.36,17.67,-28.49
48708,0.00,-0.30,0.00,0.189,-0.135,1.362,-16.36,17.67,-28.49
48728,0.00,-0.20,0.00,-0.065,0.010,0.658,-16.36,17.67,-28.49
48748,0.08,12.70,0.00,-0.065,0.010,0.658,-21.60,38.03,-38.95
48768,1.45,152.60,252.00,-0.065,0.010,0.658,-21.60,38.03,-38.95
48788,2.57,269.30,708.00,-0.065,0.010,0.658,-21.60,38.03,-38.95
48808,2.91,299.90,874.00,-0.065,0.010,0.658,-21.60,38.03,-38.95
48828,3.02,310.90,948.00,-0.517,-0.021,0.975,-21.60,38.03,-38.95
48848,3.49,365.20,1294.00,-0.517,-0.021,0.975,-20.32,32.72,-37.55
48868,4.00,413.30,1668.00,-0.517,-0.021,0.975,-20.32,32.72,-37.55
48888,4.15,426.00,1772.00,-0.517,-0.021,0.975,-20.32,32.72,-37.55
48908,4.24,436.10,1852.00,-0.670,-0.175,0.688,-20.32,32.72,-37.55
48928,4.20,431.30,1796.00,-0.670,-0.175,0.688,-20.32,32.72,-37.55
48948,3.98,412.90,1654.00,-0.670,-0.175,0.688,-17.49,19.30,-34.62
48968,3.76,386.40,1442.00,-0.670,-0.175,0.688,-17.49,19.30,-34.62
48988,3.41,348.60,1166.00,-0.670,-0.175,0.688,-17.49,19.30,-34.62
49008,2.93,296.30,842.00,-0.376,-0.163,1.159,-17.49,19.30,-34.62
49028,2.35,242.90,566.00,-0.376,-0.163,1.159,-17.49,19.30,-34.62
49048,1.76,182.20,314.00,-0.376,-0.163,1.159,-15.07,-2.96,-27.14
49068,1.26,128.00,154.00,-0.376,-0.163,1.159,-15.07,-2.96,-27.14
49088,0.84,87.80,68.00,-0.376,-0.163,1.159,-15.07,-2.96,-27.14
49108,0.54,57.70,30.00,-0.003,-0.049,0.960,-15.07,-2.96,-27.14
50786,0.36,38.70,14.00,-0.190,-0.177,1.194,-15.51,-11.46,-17.33
50806,0.24,25.60,6.00,0.035,-0.189,0.905,-15.51,-11.46,-17.33
50826,0.14,16.80,4.00,0.035,-0.189,0.905,-16.59,-24.49,-10.52
50846,0.08,11.20,0.00,0.035,-0.189,0.905,-16.59,-24.49,-10.52
50866,0.05,7.50,0.00,0.035,-0.189,0.905,-16.59,-24.49,-10.52
50886,0.02,5.30,0.00,0.035,-0.189,0.905,-16.59,-24.49,-10.52
50906,0.01,3.30,0.00,0.338,-0.139,0.780,-16.59,-24.49,-10.52
50926,0.00,2.10,0.00,0.338,-0.139,0.780,-16.66,-20.53,-8.88
50946,0.00,1.50,0.00,0.338,-0.139,0.780,-16.66,-20.53,-8.88
50966,0.00,0.80,0.00,0.338,-0.139,0.780,-16.66,-20.53,-8.88
50986,0.00,0.50,0.00,0.338,-0.139,0.780,-16.66,-20.53,-8.88
51006,0.00,0.20,0.00,0.116,-0.270,1.329,-16.66,-20.53,-8.88
51026,0.00,0.20,0.00,0.116,-0.270,1.329,-16.59,7.30,-17.55
51046,0.00,0.20,0.00,0.116,-0.270,1.329,-16.59,7.30,-17.55
51066,0.00,0.10,0.00,0.116,-0.270,1.329,-16.59,7.30,-17.55
51086,0.00,-0.10,0.00,0.116,-0.270,1.329,-16.59,7.30,-17.55
51106,0.00,-0.10,0.00,-0.157,-0.129,1.030,-16.59,7.30,-17.55
51126,0.00,-0.40,0.00,-0.157,-0.129,1.030,-22.57,37.17,-30.14
51146,0.00,-0.10,0.00,-0.157,-0.129,1.030,-22.57,37.17,-30.14
51166,0.32,37.10,16.00,-0.157,-0.129,1.030,-22.57,37.17,-30.14
51186,1.19,128.60,160.00,-0.157,-0.129,1.030,-22.57,37.17,-30.14
51206,2.07,216.00,488.00,-0.366,-0.205,0.800,-22.57,37.17,-30.14
51226,2.94,305.20,910.00,-0.366,-0.205,0.800,-25.23,41.95,-35.26
51246,3.48,362.30,1272.00,-0.366,-0.205,0.800,-25.23,41.95,-35.26
51266,3.83,397.30,1554.00,-0.366,-0.205,0.800,-25.23,41.95,-35.26
51286,4.26,443.10,1910.00,-0.366,-0.205,0.800,-25.23,41.95,-35.26
51306,4.39,452.30,1990.00,-0.767,-0.223,0.597,-25.23,41.95,-35.26
51326,4.43,455.00,2028.00,-0.767,-0.223,0.597,-20.92,28.84,-32.23
51346,4.35,446.80,1936.00,-0.767,-0.223,0.597,-20.92,28.84,-32.23
51366,4.15,424.90,1756.00,-0.767,-0.223,0.597,-20.92,28.84,-32.23
51386,3.94,407.10,1600.00,-0.767,-0.223,0.597,-20.92,28.84,-32.23
51406,3.62,372.30,1336.00,-0.429,-0.225,1.051,-20.92,28.84,-32.23
51426,3.23,331.50,1056.00,-0.429,-0.225,1.051,-16.97,7.14,-25.11
52878,4.01,418.40,1700.00,-0.236,-0.166,0.705,-22.59,38.42,-37.49
52897,4.14,424.80,1760.00,-0.761,-0.114,0.684,-22.59,38.42,-37.49
52917,4.17,428.50,1782.00,-0.761,-0.114,0.684,-22.59,38.42,-37.49
52937,4.09,422.50,1720.00,-0.761,-0.114,0.684,-19.46,26.66,-35.56
52957,4.04,414.50,1672.00,-0.761,-0.114,0.684,-19.46,26.66,-35.56
52977,3.85,397.60,1528.00,-0.761,-0.114,0.684,-19.46,26.66,-35.56
52997,3.59,368.60,1314.00,-0.438,-0.159,1.021,-19.46,26.66,-35.56
53017,3.28,338.50,1102.00,-0.438,-0.159,1.021,-19.46,26.66,-35.56
53037,2.92,302.20,862.00,-0.438,-0.159,1.021,-16.31,7.51,-29.16
53057,2.52,258.90,642.00,-0.438,-0.159,1.021,-16.31,7.51,-29.16
53077,1.97,202.80,394.00,-0.438,-0.159,1.021,-16.31,7.51,-29.16
53097,1.39,143.30,186.00,-0.241,-0.185,1.097,-16.31,7.51,-29.16
53117,0.93,94.80,86.00,-0.241,-0.185,1.097,-16.31,7.51,-29.16
53137,0.59,61.80,32.00,-0.241,-0.185,1.097,-15.49,-12.86,-21.65
53157,0.38,41.00,14.00,-0.241,-0.185,1.097,-15.49,-12.86,-21.65
53177,0.24,26.60,6.00,-0.241,-0.185,1.097,-15.49,-12.86,-21.65
53197,0.14,17.80,4.00,0.131,-0.115,0.906,-15.49,-12.86,-21.65
53217,0.09,11.40,0.00,0.131,-0.115,0.906,-16.30,-21.81,-16.44
53237,0.05,7.60,0.00,0.131,-0.115,0.906,-16.30,-21.81,-16.44
53257,0.02,5.30,0.00,0.131,-0.115,0.906,-16.30,-21.81,-16.44
53277,0.01,3.50,0.00,0.131,-0.115,0.906,-16.30,-21.81,-16.44
53297,0.00,2.30,0.00,0.286,-0.171,1.031,-16.30,-21.81,-16.44
53317,0.00,1.50,0.00,0.286,-0.171,1.031,-15.65,-9.83,-19.02
53337,0.00,1.10,0.00,0.286,-0.171,1.031,-15.65,-9.83,-19.02
53357,0.00,0.60,0.00,0.286,-0.171,1.031,-15.65,-9.83,-19.02
53377,0.00,0.30,0.00,0.286,-0.171,1.031,-15.65,-9.83,-19.02
53397,0.00,0.20,0.00,0.126,-0.057,1.459,-15.65,-9.83,-19.02
53417,0.00,-0.10,0.00,0.126,-0.057,1.459,-17.41,19.03,-27.47
53437,0.00,0.10,0.00,0.126,-0.057,1.459,-17.41,19.03,-27.47
53457,0.00,-0.20,0.00,0.126,-0.057,1.459,-17.41,19.03,-27.47
53477,0.00,-0.20,0.00,0.126,-0.057,1.459,-17.41,19.03,-27.47
53497,0.00,-0.30,0.00,-0.130,-0.077,0.750,-17.41,19.03,-27.47
53517,0.00,-0.20,0.00,-0.130,-0.077,0.750,-23.40,40.42,-38.34
55185,4.78,492.10,2350.00,-0.410,-0.171,0.627,-26.35,42.21,-34.48
55204,4.68,479.90,2242.00,-0.676,-0.170,0.685,-26.35,42.21,-34.48
55224,4.59,472.70,2166.00,-0.676,-0.170,0.685,-20.98,26.67,-29.20
55244,4.57,469.70,2134.00,-0.676,-0.170,0.685,-20.98,26.67,-29.20
55264,4.44,452.40,1992.00,-0.676,-0.170,0.685,-20.98,26.67,-29.20
55284,4.15,425.90,1730.00,-0.676,-0.170,0.685,-20.98,26.67,-29.20
55304,3.59,369.80,1298.00,-0.569,-0.180,1.124,-20.98,26.67,-29.20
55324,2.96,300.40,874.00,-0.569,-0.180,1.124,-17.42,2.48,-20.86
55344,2.34,239.10,538.00,-0.569,-0.180,1.124,-17.42,2.48,-20.86
55364,1.81,181.80,314.00,-0.569,-0.180,1.124,-17.42,2.48,-20.86
55384,1.29,129.90,160.00,-0.569,-0.180,1.124,-17.42,2.48,-20.86
55404,0.81,84.80,66.00,0.012,-0.202,1.051,-17.42,2.48,-20.86
55424,0.52,54.60,26.00,0.012,-0.202,1.051,-17.46,-20.24,-12.60
55444,0.33,36.00,14.00,0.012,-0.202,1.051,-17.46,-20.24,-12.60
55464,0.21,23.90,4.00,0.012,-0.202,1.051,-17.46,-20.24,-12.60
55484,0.13,15.60,4.00,0.012,-0.202,1.051,-17.46,-20.24,-12.60
55504,0.08,10.60,0.00,0.337,-0.149,0.699,-17.46,-20.24,-12.60
55524,0.04,7.20,0.00,0.337,-0.149,0.699,-18.11,-23.51,-9.94
55544,0.02,4.90,0.00,0.337,-0.149,0.699,-18.11,-23.51,-9.94
55564,0.01,3.40,0.00,0.337,-0.149,0.699,-18.11,-23.51,-9.94
55584,0.00,2.10,0.00,0.337,-0.149,0.699,-18.11,-23.51,-9.94
55604,0.00,1.30,0.00,0.203,-0.163,1.306,-18.11,-23.51,-9.94
55624,0.00,0.80,0.00,0.203,-0.163,1.306,-17.28,-1.94,-16.81
55644,0.00,0.80,0.00,0.203,-0.163,1.306,-17.28,-1.94,-16.81
55664,0.00,0.30,0.00,0.203,-0.163,1.306,-17.28,-1.94,-16.81
55684,0.00,0.30,0.00,0.203,-0.163,1.306,-17.28,-1.94,-16.81
55704,0.00,0.20,0.00,-0.090,-0.190,1.151,-17.28,-1.94,-16.81
55724,0.00,-0.20,0.00,-0.090,-0.190,1.151,-21.23,28.98,-27.50
55744,0.00,-0.30,0.00,-0.090,-0.190,1.151,-21.23,28.98,-27.50
55764,0.00,0.00,0.00,-0.090,-0.190,1.151,-21.23,28.98,-27.50
55784,0.00,-0.30,0.00,-0.090,-0.190,1.151,-21.23,28.98,-27.50
55804,0.30,34.90,14.00,-0.268,-0.122,0.651,-21.23,28.98,-27.50
55824,1.41,154.10,230.00,-0.268,-0.122,0.651,-26.22,42.36,-35.65
57288,0.10,13.00,0.00,-0.202,-0.152,0.862,-19.13,23.51,-27.99
57307,1.00,110.10,140.00,-0.202,-0.152,0.862,-21.86,33.96,-34.36
57327,2.05,222.20,478.00,-0.202,-0.152,0.862,-21.86,33.96,-34.36
57347,2.86,300.40,884.00,-0.202,-0.152,0.862,-21.86,33.96,-34.36
57367,3.42,352.20,1200.00,-0.202,-0.152,0.862,-21.86,33.96,-34.36
57387,3.59,369.70,1330.00,-0.783,-0.149,0.759,-21.86,33.96,-34.36
57407,3.87,398.80,1550.00,-0.783,-0.149,0.759,-20.30,26.69,-33.83
57427,3.91,404.10,1582.00,-0.783,-0.149,0.759,-20.30,26.69,-33.83
57447,3.90,399.40,1550.00,-0.783,-0.149,0.759,-20.30,26.69,-33.83
57467,3.74,384.80,1436.00,-0.783,-0.149,0.759,-20.30,26.69,-33.83
57487,3.51,360.60,1232.00,-0.556,-0.286,1.069,-20.30,26.69,-33.83
57507,3.09,311.50,938.00,-0.556,-0.286,1.069,-16.96,6.53,-25.76
57527,2.57,265.30,684.00,-0.556,-0.286,1.069,-16.96,6.53,-25.76
57547,2.14,219.70,440.00,-0.556,-0.286,1.069,-16.96,6.53,-25.76
57567,1.58,164.50,258.00,-0.556,-0.286,1.069,-16.96,6.53,-25.76
57587,1.08,112.60,114.00,-0.015,-0.022,1.013,-16.96,6.53,-25.76
57607,0.70,72.30,50.00,-0.015,-0.022,1.013,-15.97,-15.61,-17.24
57627,0.45,47.50,20.00,-0.015,-0.022,1.013,-15.97,-15.61,-17.24
57647,0.28,31.30,10.00,-0.015,-0.022,1.013,-15.97,-15.61,-17.24
57667,0.18,20.20,4.00,-0.015,-0.022,1.013,-15.97,-15.61,-17.24
57687,0.11,13.60,0.00,0.238,-0.183,0.740,-15.97,-15.61,-17.24
57707,0.06,9.10,0.00,0.238,-0.183,0.740,-16.51,-20.03,-13.72
57727,0.03,6.10,0.00,0.238,-0.183,0.740,-16.51,-20.03,-13.72
57747,0.01,4.10,0.00,0.238,-0.183,0.740,-16.51,-20.03,-13.72
57767,0.00,2.80,0.00,0.238,-0.183,0.740,-16.51,-20.03,-13.72
57787,0.00,1.70,0.00,0.223,-0.159,1.036,-16.51,-20.03,-13.72
57807,0.00,1.20,0.00,0.223,-0.159,1.036,-15.72,-5.11,-18.19
57827,0.00,0.70,0.00,0.223,-0.159,1.036,-15.72,-5.11,-18.19
57847,0.00,0.30,0.00,0.223,-0.159,1.036,-15.72,-5.11,-18.19
57867,0.00,0.20,0.00,0.223,-0.159,1.036,-15.72,-5.11,-18.19
57887,0.00,0.00,0.00,0.083,-0.150,1.248,-15.72,-5.11,-18.19
57907,0.00,0.10,0.00,0.083,-0.150,1.248,-18.06,21.38,-26.53
57927,0.00,-0.10,0.00,0.083,-0.150,1.248,-18.06,21.38,-26.53
59389,0.00,-0.30,0.00,-0.118,-0.164,0.930,-15.86,10.71,-20.04
59408,0.00,-0.30,0.00,-0.118,-0.164,0.930,-19.62,31.70,-28.09
59428,0.00,-0.30,0.00,-0.118,-0.164,0.930,-19.62,31.70,-28.09
59448,0.00,-0.20,0.00,-0.118,-0.164,0.930,-19.62,31.70,-28.09
59468,0.38,46.70,20.00,-0.118,-0.164,0.930,-19.62,31.70,-28.09
59488,1.78,189.70,374.00,-0.268,-0.121,0.753,-19.62,31.70,-28.09
59508,2.98,315.90,974.00,-0.268,-0.121,0.753,-20.79,35.00,-30.99
59528,3.60,376.60,1382.00,-0.268,-0.121,0.753,-20.79,35.00,-30.99
59548,3.84,395.30,1508.00,-0.268,-0.121,0.753,-20.79,35.00,-30.99
59568,4.06,419.10,1708.00,-0.268,-0.121,0.753,-20.79,35.00,-30.99
59588,4.17,428.50,1786.00,-0.714,-0.139,0.598,-20.79,35.00,-30.99
59608,4.14,425.30,1730.00,-0.714,-0.139,0.598,-18.37,23.47,-29.13
59628,3.96,407.60,1616.00,-0.714,-0.139,0.598,-18.37,23.47,-29.13
59648,3.86,398.10,1534.00,-0.714,-0.139,0.598,-18.37,23.47,-29.13
59668,3.53,363.00,1282.00,-0.714,-0.139,0.598,-18.37,23.47,-29.13
59688,3.14,321.30,1000.00,-0.528,-0.191,1.141,-18.37,23.47,-29.13
59708,2.59,266.80,662.00,-0.528,-0.191,1.141,-15.83,4.27,-21.08
59728,2.04,209.20,400.00,-0.528,-0.191,1.141,-15.83,4.27,-21.08
59748,1.53,155.60,232.00,-0.528,-0.191,1.141,-15.83,4.27,-21.08
59768,1.11,115.00,122.00,-0.528,-0.191,1.141,-15.83,4.27,-21.08
59788,0.72,74.00,52.00,-0.104,-0.135,1.014,-15.83,4.27,-21.08
59808,0.46,48.50,22.00,-0.104,-0.135,1.014,-15.53,-12.31,-13.63
59828,0.29,31.90,10.00,-0.104,-0.135,1.014,-15.53,-12.31,-13.63
59848,0.18,21.00,4.00,-0.104,-0.135,1.014,-15.53,-12.31,-13.63
59868,0.11,14.10,0.00,-0.104,-0.135,1.014,-15.53,-12.31,-13.63
59888,0.06,9.40,0.00,0.199,-0.078,0.874,-15.53,-12.31,-13.63
59908,0.04,6.20,0.00,0.199,-0.078,0.874,-15.65,-18.43,-9.53
59928,0.01,4.10,0.00,0.199,-0.078,0.874,-15.65,-18.43,-9.53
59948,0.00,2.60,0.00,0.199,-0.078,0.874,-15.65,-18.43,-9.53
59968,0.00,1.80,0.00,0.199,-0.078,0.874,-15.65,-18.43,-9.53
59988,0.00,1.40,0.00,0.193,-0.115,0.940,-15.65,-18.43,-9.53
60008,0.00,0.80,0.00,0.193,-0.115,0.940,-15.34,-8.65,-10.61
60028,0.00,0.50,0.00,0.193,-0.115,0.940,-15.34,-8.65,-10.61
60933,0.00,-0.30,0.00,-0.162,-0.112,1.073,-15.35,-7.05,-12.58
60952,0.00,-0.30,0.00,-0.162,-0.112,1.073,-15.35,-7.05,-12.58
60972,0.00,-0.40,0.00,-0.060,-0.131,1.097,-15.35,-7.05,-12.58
60992,0.00,-0.60,0.00,-0.060,-0.131,1.097,-18.02,25.68,-19.39
61012,0.00,-0.50,0.00,-0.060,-0.131,1.097,-18.02,25.68,-19.39
61032,0.00,-0.20,0.00,-0.060,-0.131,1.097,-18.02,25.68,-19.39
61052,0.00,-0.50,0.00,-0.060,-0.131,1.097,-18.02,25.68,-19.39
61072,0.00,-0.60,0.00,-0.223,-0.058,0.769,-18.02,25.68,-19.39
61092,0.63,71.60,50.00,-0.223,-0.058,0.769,-20.39,34.45,-24.22
61112,1.66,176.30,304.00,-0.223,-0.058,0.769,-20.39,34.45,-24.22
61132,2.74,285.30,800.00,-0.223,-0.058,0.769,-20.39,34.45,-24.22
61152,3.32,346.10,1164.00,-0.223,-0.058,0.769,-20.39,34.45,-24.22
61172,3.54,366.50,1328.00,-0.639,-0.186,0.741,-20.39,34.45,-24.22
61192,3.58,367.30,1308.00,-0.639,-0.186,0.741,-18.96,27.43,-24.15
61212,3.58,366.30,1304.00,-0.639,-0.186,0.741,-18.96,27.43,-24.15
61232,3.48,360.40,1242.00,-0.639,-0.186,0.741,-18.96,27.43,-24.15
61252,3.57,370.20,1328.00,-0.639,-0.186,0.741,-18.96,27.43,-24.15
61272,3.79,395.10,1510.00,-0.668,-0.202,0.947,-18.96,27.43,-24.15
61292,3.88,397.30,1536.00,-0.668,-0.202,0.947,-16.68,14.88,-18.11
61312,3.74,380.40,1406.00,-0.668,-0.202,0.947,-16.68,14.88,-18.11
61332,3.36,346.00,1160.00,-0.668,-0.202,0.947,-16.68,14.88,-18.11
61352,2.93,301.10,874.00,-0.668,-0.202,0.947,-16.68,14.88,-18.11
61372,2.47,250.60,606.00,-0.157,-0.193,1.162,-16.68,14.88,-18.11
61392,1.89,194.30,354.00,-0.157,-0.193,1.162,-15.22,-6.74,-8.84
61412,1.27,131.80,160.00,-0.157,-0.193,1.162,-15.22,-6.74,-8.84
61432,0.84,85.30,68.00,-0.157,-0.193,1.162,-15.22,-6.74,-8.84
61452,0.53,55.80,26.00,-0.157,-0.193,1.162,-15.22,-6.74,-8.84
61472,0.34,36.00,14.00,0.042,-0.124,0.882,-15.22,-6.74,-8.84
61492,0.22,24.10,6.00,0.042,-0.124,0.882,-15.79,-20.13,-2.16
61512,0.13,16.00,4.00,0.042,-0.124,0.882,-15.79,-20.13,-2.16
61532,0.08,10.70,0.00,0.042,-0.124,0.882,-15.79,-20.13,-2.16
61552,0.04,7.10,0.00,0.042,-0.124,0.882,-15.79,-20.13,-2.16
61572,0.02,4.70,0.00,0.390,-0.123,0.739,-15.79,-20.13,-2.16
63247,0.00,0.50,0.00,0.485,-0.113,0.776,-16.76,-16.84,3.03
63267,0.00,0.30,0.00,-0.014,-0.176,1.306,-16.76,-16.84,3.03
63287,0.00,0.10,0.00,-0.014,-0.176,1.306,-17.57,13.13,-6.87
63307,0.00,0.20,0.00,-0.014,-0.176,1.306,-17.57,13.13,-6.87
63327,0.00,0.20,0.00,-0.014,-0.176,1.306,-17.57,13.13,-6.87
63347,0.00,-0.20,0.00,-0.014,-0.176,1.306,-17.57,13.13,-6.87
63367,0.00,-0.10,0.00,-0.190,-0.131,0.951,-17.57,13.13,-6.87
63387,0.00,-0.10,0.00,-0.190,-0.131,0.951,-23.47,38.09,-18.68
63407,0.00,-0.10,0.00,-0.190,-0.131,0.951,-23.47,38.09,-18.68
63427,0.00,-0.10,0.00,-0.190,-0.131,0.951,-23.47,38.09,-18.68
63447,0.39,43.70,16.00,-0.190,-0.131,0.951,-23.47,38.09,-18.68
63467,1.66,174.80,318.00,-0.308,-0.115,0.632,-23.47,38.09,-18.68
63487,3.16,336.70,1114.00,-0.308,-0.115,0.632,-24.92,39.86,-22.76
63507,4.18,430.20,1816.00,-0.308,-0.115,0.632,-24.92,39.86,-22.76
63527,4.31,444.60,1924.00,-0.308,-0.115,0.632,-24.92,39.86,-22.76
63547,4.41,452.80,1996.00,-0.308,-0.115,0.632,-24.92,39.86,-22.76
63567,4.47,461.30,2068.00,-0.621,-0.203,0.751,-24.92,39.86,-22.76
63587,4.62,477.00,2218.00,-0.621,-0.203,0.751,-21.20,26.15,-19.45
63607,4.61,476.20,2196.00,-0.621,-0.203,0.751,-21.20,26.15,-19.45
63627,4.40,452.60,1960.00,-0.621,-0.203,0.751,-21.20,26.15,-19.45
63647,4.26,435.00,1836.00,-0.621,-0.203,0.751,-21.20,26.15,-19.45
63667,3.98,410.50,1638.00,-0.571,-0.140,1.199,-21.20,26.15,-19.45
63687,3.57,366.50,1298.00,-0.571,-0.140,1.199,-17.93,5.80,-11.45
63707,3.05,309.00,924.00,-0.571,-0.140,1.199,-17.93,5.80,-11.45
63727,2.46,253.00,620.00,-0.571,-0.140,1.199,-17.93,5.80,-11.45
63747,1.98,204.90,400.00,-0.571,-0.140,1.199,-17.93,5.80,-11.45
63767,1.47,147.90,206.00,-0.125,-0.141,1.117,-17.93,5.80,-11.45
63787,0.98,101.60,92.00,-0.125,-0.141,1.117,-17.37,-16.38,-1.09
63807,0.63,64.70,40.00,-0.125,-0.141,1.117,-17.37,-16.38,-1.09
63827,0.41,42.90,16.00,-0.125,-0.141,1.117,-17.37,-16.38,-1.09
63847,0.25,28.40,6.00,-0.125,-0.141,1.117,-17.37,-16.38,-1.09
63867,0.16,18.50,4.00,0.153,-0.130,0.870,-17.37,-16.38,-1.09
63887,0.10,12.60,0.00,0.153,-0.130,0.870,-18.39,-27.86,6.15
65532,0.16,18.50,4.00,-0.026,-0.085,0.991,-19.31,-21.69,-1.36
65551,0.10,12.50,0.00,-0.026,-0.085,0.991,-19.31,-21.69,-1.36
65571,0.06,8.30,0.00,0.236,-0.190,0.770,-19.31,-21.69,-1.36
65591,0.03,5.70,0.00,0.236,-0.190,0.770,-19.88,-24.33,2.37
65611,0.01,3.90,0.00,0.236,-0.190,0.770,-19.88,-24.33,2.37
65631,0.00,2.70,0.00,0.236,-0.190,0.770,-19.88,-24.33,2.37
65651,0.00,1.90,0.00,0.236,-0.190,0.770,-19.88,-24.33,2.37
65671,0.00,1.30,0.00,0.291,-0.034,1.122,-19.88,-24.33,2.37
65691,0.00,0.90,0.00,0.291,-0.034,1.122,-18.52,-6.51,-2.28
65711,0.00,0.50,0.00,0.291,-0.034,1.122,-18.52,-6.51,-2.28
65731,0.00,0.20,0.00,0.291,-0.034,1.122,-18.52,-6.51,-2.28
65751,0.00,0.20,0.00,0.291,-0.034,1.122,-18.52,-6.51,-2.28
65771,0.00,0.10,0.00,-0.084,-0.286,1.102,-18.52,-6.51,-2.28
65791,0.00,0.10,0.00,-0.084,-0.286,1.102,-21.29,23.87,-13.89
65811,0.00,0.10,0.00,-0.084,-0.286,1.102,-21.29,23.87,-13.89
65831,0.00,-0.10,0.00,-0.084,-0.286,1.102,-21.29,23.87,-13.89
65851,0.00,0.00,0.00,-0.084,-0.286,1.102,-21.29,23.87,-13.89
65871,0.00,-0.10,0.00,-0.201,-0.107,0.821,-21.29,23.87,-13.89
65891,0.00,-0.50,0.00,-0.201,-0.107,0.821,-26.76,39.43,-24.48
65911,0.43,50.50,22.00,-0.201,-0.107,0.821,-26.76,39.43,-24.48
65931,1.87,199.70,426.00,-0.201,-0.107,0.821,-26.76,39.43,-24.48
65951,3.21,337.20,1108.00,-0.201,-0.107,0.821,-26.76,39.43,-24.48
65971,3.88,400.30,1556.00,-0.596,-0.269,0.987,-26.76,39.43,-24.48
65991,4.08,422.60,1746.00,-0.596,-0.269,0.987,-25.69,35.33,-25.28
66011,4.19,434.90,1842.00,-0.596,-0.269,0.987,-25.69,35.33,-25.28
66031,4.42,457.40,2038.00,-0.596,-0.269,0.987,-25.69,35.33,-25.28
66051,4.69,482.60,2284.00,-0.596,-0.269,0.987,-25.69,35.33,-25.28
66071,4.90,506.30,2500.00,-0.693,-0.190,0.768,-25.69,35.33,-25.28
66091,5.00,514.70,2546.00,-0.693,-0.190,0.768,-22.55,23.92,-20.79
66111,4.84,497.20,2422.00,-0.693,-0.190,0.768,-22.55,23.92,-20.79
66131,4.66,477.10,2208.00,-0.693,-0.190,0.768,-22.55,23.92,-20.79
66151,4.25,435.60,1812.00,-0.693,-0.190,0.768,-22.55,23.92,-20.79
66171,3.67,370.60,1324.00,-0.420,-0.244,1.292,-22.55,23.92,-20.79
67670,4.71,485.30,2288.00,-0.721,-0.104,0.917,-31.00,45.62,-29.84
67689,4.60,472.20,2160.00,-0.721,-0.104,0.917,-31.00,45.62,-29.84
67709,4.48,458.90,2042.00,-0.721,-0.104,0.917,-31.00,45.62,-29.84
67729,4.25,435.20,1822.00,-0.721,-0.104,0.917,-31.00,45.62,-29.84
67749,3.86,396.70,1528.00,-0.517,-0.222,1.209,-31.00,45.62,-29.84
67769,3.38,346.40,1134.00,-0.517,-0.222,1.209,-31.00,45.62,-29.84
67789,2.74,280.80,760.00,-0.517,-0.222,1.209,-19.71,5.72,-2.23
67809,2.18,218.30,456.00,-0.517,-0.222,1.209,-19.71,5.72,-2.23
67829,1.55,160.50,240.00,-0.517,-0.222,1.209,-19.71,5.72,-2.23
67849,1.02,104.00,102.00,-0.084,-0.211,1.083,-19.71,5.72,-2.23
67869,0.65,68.30,42.00,-0.084,-0.211,1.083,-19.71,5.72,-2.23
67889,0.42,45.30,16.00,-0.084,-0.211,1.083,-19.24,-12.99,7.95
67909,0.27,28.80,6.00,-0.084,-0.211,1.083,-19.24,-12.99,7.95
67929,0.16,19.60,4.00,-0.084,-0.211,1.083,-19.24,-12.99,7.95
67949,0.10,13.00,0.00,0.184,-0.156,0.909,-19.24,-12.99,7.95
67969,0.06,8.40,0.00,0.184,-0.156,0.909,-19.24,-12.99,7.95
67989,0.03,5.90,0.00,0.184,-0.156,0.909,-19.28,-19.39,12.35
68009,0.01,4.10,0.00,0.184,-0.156,0.909,-19.28,-19.39,12.35
68029,0.00,2.40,0.00,0.184,-0.156,0.909,-19.28,-19.39,12.35
68049,0.00,1.80,0.00,0.304,-0.065,0.987,-19.28,-19.39,12.35
68069,0.00,0.80,0.00,0.304,-0.065,0.987,-19.28,-19.39,12.35
68089,0.00,0.90,0.00,0.304,-0.065,0.987,-18.89,-8.41,9.29
68109,0.00,0.70,0.00,0.304,-0.065,0.987,-18.89,-8.41,9.29
68129,0.00,0.40,0.00,0.304,-0.065,0.987,-18.89,-8.41,9.29
68149,0.00,0.10,0.00,-0.057,-0.266,1.185,-18.89,-8.41,9.29
68169,0.00,0.00,0.00,-0.057,-0.266,1.185,-18.89,-8.41,9.29
68189,0.00,0.00,0.00,-0.057,-0.266,1.185,-20.39,20.57,1.32
68209,0.00,-0.10,0.00,-0.057,-0.266,1.185,-20.39,20.57,1.32
68229,0.00,0.00,0.00,-0.057,-0.266,1.185,-20.39,20.57,1.32
68249,0.00,-0.50,0.00,-0.258,-0.126,0.664,-20.39,20.57,1.32
68269,0.03,7.10,0.00,-0.258,-0.126,0.664,-25.84,38.84,-7.78
68289,0.64,75.10,56.00,-0.258,-0.126,0.664,-25.84,38.84,-7.78
68309,1.82,204.60,410.00,-0.258,-0.126,0.664,-25.84,38.84,-7.78
68329,2.79,289.70,852.00,-0.258,-0.126,0.664,-25.84,38.84,-7.78
69935,0.07,11.00,0.00,-0.178,-0.113,1.075,-23.35,36.94,0.29
69954,0.86,94.20,88.00,-0.270,-0.133,0.594,-23.35,36.94,0.29
69974,2.41,253.90,662.00,-0.270,-0.133,0.594,-30.54,47.27,-11.78
69994,3.46,365.80,1310.00,-0.270,-0.133,0.594,-30.54,47.27,-11.78
70014,4.14,427.60,1782.00,-0.270,-0.133,0.594,-30.54,47.27,-11.78
70034,4.32,445.00,1962.00,-0.270,-0.133,0.594,-30.54,47.27,-11.78
70054,4.56,476.70,2206.00,-0.772,-0.148,0.545,-30.54,47.27,-11.78
70074,4.84,498.60,2412.00,-0.772,-0.148,0.545,-26.55,37.04,-9.78
70094,5.00,516.20,2582.00,-0.772,-0.148,0.545,-26.55,37.04,-9.78
70114,5.16,531.80,2760.00,-0.772,-0.148,0.545,-26.55,37.04,-9.78
70134,5.22,536.20,2766.00,-0.772,-0.148,0.545,-26.55,37.04,-9.78
70154,4.85,496.50,2386.00,-0.661,-0.237,1.040,-26.55,37.04,-9.78
70174,4.45,456.70,2012.00,-0.661,-0.237,1.040,-20.63,16.34,-0.79
70194,3.98,408.30,1616.00,-0.661,-0.237,1.040,-20.63,16.34,-0.79
70214,3.39,346.10,1150.00,-0.661,-0.237,1.040,-20.63,16.34,-0.79
70234,2.73,280.20,756.00,-0.661,-0.237,1.040,-20.63,16.34,-0.79
70254,2.14,221.10,456.00,-0.229,-0.119,1.170,-20.63,16.34,-0.79
70274,1.60,160.70,246.00,-0.229,-0.119,1.170,-18.11,-6.75,9.98
70294,1.02,105.90,104.00,-0.229,-0.119,1.170,-18.11,-6.75,9.98
70314,0.66,69.30,42.00,-0.229,-0.119,1.170,-18.11,-6.75,9.98
70334,0.42,44.90,20.00,-0.229,-0.119,1.170,-18.11,-6.75,9.98
70354,0.27,30.10,6.00,0.131,-0.206,0.932,-18.11,-6.75,9.98
70374,0.17,19.60,4.00,0.131,-0.206,0.932,-18.74,-20.41,17.34
70394,0.10,12.90,0.00,0.131,-0.206,0.932,-18.74,-20.41,17.34
70414,0.06,8.90,0.00,0.131,-0.206,0.932,-18.74,-20.41,17.34
70434,0.03,5.80,0.00,0.131,-0.206,0.932,-18.74,-20.41,17.34
70454,0.01,4.10,0.00,0.347,-0.080,0.752,-18.74,-20.41,17.34
70474,0.00,2.90,0.00,0.347,-0.080,0.752,-18.01,-19.03,17.78
70494,0.00,1.90,0.00,0.347,-0.080,0.752,-18.01,-19.03,17.78
70514,0.00,1.50,0.00,0.347,-0.080,0.752,-18.01,-19.03,17.78
70534,0.00,0.90,0.00,0.347,-0.080,0.752,-18.01,-19.03,17.78
70554,0.00,0.60,0.00,0.112,-0.153,1.378,-18.01,-19.03,17.78
70574,0.00,0.50,0.00,0.112,-0.153,1.378,-17.96,6.87,8.84
72205,0.00,0.70,0.00,0.213,-0.177,0.854,-18.95,-11.07,15.80
72224,0.00,0.40,0.00,0.213,-0.177,0.854,-18.95,-11.07,15.80
72244,0.00,0.20,0.00,0.059,-0.220,1.216,-18.95,-11.07,15.80
72264,0.00,0.10,0.00,0.059,-0.220,1.216,-19.22,10.22,8.99
72284,0.00,0.10,0.00,0.059,-0.220,1.216,-19.22,10.22,8.99
72304,0.00,-0.20,0.00,0.059,-0.220,1.216,-19.22,10.22,8.99
72324,0.00,-0.30,0.00,0.059,-0.220,1.216,-19.22,10.22,8.99
72344,0.00,0.00,0.00,-0.137,-0.131,0.946,-19.22,10.22,8.99
72364,0.00,-0.20,0.00,-0.137,-0.131,0.946,-23.47,32.53,-1.11
72384,0.00,0.00,0.00,-0.137,-0.131,0.946,-23.47,32.53,-1.11
72404,0.00,-0.20,0.00,-0.137,-0.131,0.946,-23.47,32.53,-1.11
72424,0.16,23.90,6.00,-0.137,-0.131,0.946,-23.47,32.53,-1.11
72444,1.33,140.90,194.00,-0.278,-0.187,0.746,-23.47,32.53,-1.11
72464,2.53,263.40,684.00,-0.278,-0.187,0.746,-26.36,38.48,-6.84
72484,3.05,316.70,976.00,-0.278,-0.187,0.746,-26.36,38.48,-6.84
72504,3.24,334.90,1092.00,-0.278,-0.187,0.746,-26.36,38.48,-6.84
72524,3.42,353.40,1210.00,-0.278,-0.187,0.746,-26.36,38.48,-6.84
72544,3.54,369.50,1324.00,-0.491,-0.152,0.701,-26.36,38.48,-6.84
72564,3.86,396.40,1544.00,-0.491,-0.152,0.701,-24.49,31.93,-4.77
72584,4.25,437.70,1864.00,-0.491,-0.152,0.701,-24.49,31.93,-4.77
72604,4.39,449.80,1970.00,-0.491,-0.152,0.701,-24.49,31.93,-4.77
72624,4.40,451.40,2008.00,-0.491,-0.152,0.701,-24.49,31.93,-4.77
72644,4.46,462.60,2080.00,-0.687,-0.244,0.858,-24.49,31.93,-4.77
72664,4.43,457.20,2026.00,-0.687,-0.244,0.858,-21.76,21.00,1.22
72684,4.13,424.50,1754.00,-0.687,-0.244,0.858,-21.76,21.00,1.22
72704,3.74,380.80,1402.00,-0.687,-0.244,0.858,-21.76,21.00,1.22
72724,3.26,336.70,1098.00,-0.687,-0.244,0.858,-21.76,21.00,1.22
72744,2.85,291.10,800.00,-0.350,-0.215,1.209,-21.76,21.00,1.22
72764,2.32,232.70,518.00,-0.350,-0.215,1.209,-19.10,-0.87,10.20
72784,1.66,171.90,268.00,-0.350,-0.215,1.209,-19.10,-0.87,10.20
72804,1.10,113.20,114.00,-0.350,-0.215,1.209,-19.10,-0.87,10.20
72824,0.70,72.40,50.00,-0.350,-0.215,1.209,-19.10,-0.87,10.20
72844,0.44,47.60,20.00,-0.050,-0.140,0.955,-19.10,-0.87,10.20
74365,3.79,385.30,1438.00,-0.687,-0.235,0.739,-25.09,36.28,-0.51
74384,3.30,334.80,1084.00,-0.687,-0.235,0.739,-25.09,36.28,-0.51
74404,2.70,278.00,744.00,-0.687,-0.235,0.739,-25.09,36.28,-0.51
74424,2.07,211.90,412.00,-0.687,-0.235,0.739,-25.09,36.28,-0.51
74444,1.43,144.20,196.00,-0.212,-0.204,1.234,-25.09,36.28,-0.51
74464,0.92,96.20,82.00,-0.212,-0.204,1.234,-18.12,-9.57,19.85
74484,0.60,63.00,36.00,-0.212,-0.204,1.234,-18.12,-9.57,19.85
74504,0.38,40.90,16.00,-0.212,-0.204,1.234,-18.12,-9.57,19.85
74524,0.24,27.00,6.00,-0.212,-0.204,1.234,-18.12,-9.57,19.85
74544,0.15,17.80,4.00,0.170,-0.181,0.917,-18.12,-9.57,19.85
74564,0.10,11.80,0.00,0.170,-0.181,0.917,-18.13,-21.54,26.23
74584,0.05,8.20,0.00,0.170,-0.181,0.917,-18.13,-21.54,26.23
74604,0.03,5.40,0.00,0.170,-0.181,0.917,-18.13,-21.54,26.23
74624,0.01,3.60,0.00,0.170,-0.181,0.917,-18.13,-21.54,26.23
74644,0.00,2.50,0.00,0.251,-0.130,0.877,-18.13,-21.54,26.23
74664,0.00,1.70,0.00,0.251,-0.130,0.877,-18.01,-17.98,25.92
74684,0.00,1.10,0.00,0.251,-0.130,0.877,-18.01,-17.98,25.92
74704,0.00,0.90,0.00,0.251,-0.130,0.877,-18.01,-17.98,25.92
74724,0.00,0.60,0.00,0.251,-0.130,0.877,-18.01,-17.98,25.92
74744,0.00,0.40,0.00,0.149,-0.256,1.218,-18.01,-17.98,25.92
74764,0.00,-0.10,0.00,0.149,-0.256,1.218,-17.57,4.19,19.19
74784,0.00,0.10,0.00,0.149,-0.256,1.218,-17.57,4.19,19.19
74804,0.00,-0.20,0.00,0.149,-0.256,1.218,-17.57,4.19,19.19
74824,0.00,-0.10,0.00,0.149,-0.256,1.218,-17.57,4.19,19.19
74844,0.00,-0.20,0.00,-0.148,-0.114,1.034,-17.57,4.19,19.19
74864,0.00,-0.10,0.00,-0.148,-0.114,1.034,-22.28,31.90,7.37
74884,0.00,-0.30,0.00,-0.148,-0.114,1.034,-22.28,31.90,7.37
74904,0.00,-0.30,0.00,-0.148,-0.114,1.034,-22.28,31.90,7.37
74924,0.00,0.00,0.00,-0.148,-0.114,1.034,-22.28,31.90,7.37
74944,0.18,25.70,6.00,-0.312,-0.185,0.647,-22.28,31.90,7.37
74964,1.60,172.70,338.00,-0.312,-0.185,0.647,-28.02,43.40,-3.16
74984,3.49,361.40,1324.00,-0.312,-0.185,0.647,-28.02,43.40,-3.16
75004,4.30,444.50,1920.00,-0.312,-0.185,0.647,-28.02,43.40,-3.16
75024,4.21,433.50,1808.00,-0.312,-0.185,0.647,-28.02,43.40,-3.16
76642,3.06,315.70,974.00,-0.326,-0.164,0.597,-23.88,36.43,3.19
76661,3.40,353.30,1210.00,-0.326,-0.164,0.597,-26.07,39.34,-2.27
76681,3.42,348.80,1182.00,-0.326,-0.164,0.597,-26.07,39.34,-2.27
76701,3.63,374.10,1366.00,-0.326,-0.164,0.597,-26.07,39.34,-2.27
76721,3.89,405.20,1596.00,-0.686,-0.209,0.765,-26.07,39.34,-2.27
76741,4.11,422.10,1736.00,-0.686,-0.209,0.765,-26.07,39.34,-2.27
76761,4.12,424.40,1730.00,-0.686,-0.209,0.765,-22.50,26.38,1.36
76781,3.99,411.30,1638.00,-0.686,-0.209,0.765,-22.50,26.38,1.36
76801,3.86,398.20,1534.00,-0.686,-0.209,0.765,-22.50,26.38,1.36
76821,3.67,378.50,1366.00,-0.465,-0.207,1.085,-22.50,26.38,1.36
76841,3.42,348.00,1174.00,-0.465,-0.207,1.085,-22.50,26.38,1.36
76861,3.02,308.60,914.00,-0.465,-0.207,1.085,-19.16,8.15,9.26
76881,2.60,267.50,694.00,-0.465,-0.207,1.085,-19.16,8.15,9.26
76901,2.18,221.30,468.00,-0.465,-0.207,1.085,-19.16,8.15,9.26
76921,1.60,166.40,258.00,-0.177,-0.165,1.071,-19.16,8.15,9.26
76941,1.06,107.80,108.00,-0.177,-0.165,1.071,-17.90,-9.70,18.19
76961,0.68,70.20,46.00,-0.177,-0.165,1.071,-17.90,-9.70,18.19
76981,0.43,46.40,20.00,-0.177,-0.165,1.071,-17.90,-9.70,18.19
77001,0.27,29.90,6.00,-0.177,-0.165,1.071,-17.90,-9.70,18.19
77021,0.17,19.90,4.00,0.076,-0.130,0.894,-17.90,-9.70,18.19
77041,0.10,13.30,0.00,0.076,-0.130,0.894,-17.84,-17.12,23.66
77061,0.06,8.90,0.00,0.076,-0.130,0.894,-17.84,-17.12,23.66
77081,0.03,5.80,0.00,0.076,-0.130,0.894,-17.84,-17.12,23.66
77101,0.01,4.00,0.00,0.076,-0.130,0.894,-17.84,-17.12,23.66
77121,0.00,2.80,0.00,0.204,-0.199,1.024,-17.84,-17.12,23.66
77141,0.00,1.70,0.00,0.204,-0.199,1.024,-17.60,-13.01,23.62
77161,0.00,1.30,0.00,0.204,-0.199,1.024,-17.60,-13.01,23.62
77181,0.00,0.70,0.00,0.204,-0.199,1.024,-17.60,-13.01,23.62
77201,0.00,0.70,0.00,0.204,-0.199,1.024,-17.60,-13.01,23.62
77221,0.00,0.30,0.00,0.176,-0.123,1.132,-17.60,-13.01,23.62
77241,0.00,0.40,0.00,0.176,-0.123,1.132,-16.96,2.63,19.04
77261,0.00,-0.10,0.00,0.176,-0.123,1.132,-16.96,2.63,19.04
77281,0.00,-0.10,0.00,0.176,-0.123,1.132,-16.96,2.63,19.04
77301,0.00,-0.10,0.00,0.176,-0.123,1.132,-16.96,2.63,19.04
78893,0.00,1.50,0.00,0.144,-0.185,0.907,-17.77,-14.19,18.20
78912,0.00,1.10,0.00,0.201,-0.109,1.139,-17.77,-14.19,18.20
78932,0.00,0.70,0.00,0.201,-0.109,1.139,-17.77,-14.19,18.20
78952,0.00,0.50,0.00,0.201,-0.109,1.139,-16.95,-0.88,14.02
78972,0.00,0.30,0.00,0.201,-0.109,1.139,-16.95,-0.88,14.02
78992,0.00,-0.10,0.00,0.201,-0.109,1.139,-16.95,-0.88,14.02
79012,0.00,-0.30,0.00,-0.058,-0.020,1.000,-16.95,-0.88,14.02
79032,0.00,-0.30,0.00,-0.058,-0.020,1.000,-16.95,-0.88,14.02
79052,0.00,-0.50,0.00,-0.058,-0.020,1.000,-19.48,22.76,5.07
79072,0.00,-0.20,0.00,-0.058,-0.020,1.000,-19.48,22.76,5.07
79092,0.00,0.00,0.00,-0.058,-0.020,1.000,-19.48,22.76,5.07
79112,0.00,-0.20,0.00,-0.178,-0.232,0.863,-19.48,22.76,5.07
79132,0.00,-0.50,0.00,-0.178,-0.232,0.863,-19.48,22.76,5.07
79152,0.13,19.50,4.00,-0.178,-0.232,0.863,-23.89,36.06,-4.28
79172,0.84,99.30,98.00,-0.178,-0.232,0.863,-23.89,36.06,-4.28
79192,2.42,255.30,668.00,-0.178,-0.232,0.863,-23.89,36.06,-4.28
79212,3.46,360.90,1274.00,-0.559,-0.066,0.905,-23.89,36.06,-4.28
79232,3.78,389.10,1472.00,-0.559,-0.066,0.905,-23.89,36.06,-4.28
79252,3.92,405.10,1600.00,-0.559,-0.066,0.905,-22.85,31.64,-5.03
79272,4.14,427.80,1786.00,-0.559,-0.066,0.905,-22.85,31.64,-5.03
79292,4.42,456.70,2032.00,-0.559,-0.066,0.905,-22.85,31.64,-5.03
79312,4.44,458.40,2022.00,-0.669,-0.262,0.951,-22.85,31.64,-5.03
79332,4.40,452.10,1980.00,-0.669,-0.262,0.951,-22.85,31.64,-5.03
79352,4.31,443.10,1884.00,-0.669,-0.262,0.951,-20.66,19.95,-0.91
79372,3.96,407.00,1606.00,-0.669,-0.262,0.951,-20.66,19.95,-0.91
79392,3.52,357.30,1236.00,-0.669,-0.262,0.951,-20.66,19.95,-0.91
79412,3.04,311.00,918.00,-0.313,-0.207,1.191,-20.66,19.95,-0.91
79432,2.55,260.40,656.00,-0.313,-0.207,1.191,-20.66,19.95,-0.91
79452,1.96,200.10,384.00,-0.313,-0.207,1.191,-17.84,-1.54,8.70
79472,1.32,136.10,168.00,-0.313,-0.207,1.191,-17.84,-1.54,8.70
79492,0.85,87.00,72.00,-0.313,-0.207,1.191,-17.84,-1.54,8.70
79512,0.54,56.90,30.00,-0.019,-0.101,0.970,-17.84,-1.54,8.70
79532,0.34,37.40,14.00,-0.019,-0.101,0.970,-17.84,-1.54,8.70
81040,0.66,70.00,42.00,-0.544,-0.199,1.023,-22.42,28.63,0.27
81059,0.43,45.90,20.00,-0.544,-0.199,1.023,-22.42,28.63,0.27
81079,0.27,29.90,6.00,-0.544,-0.199,1.023,-22.42,28.63,0.27
81099,0.17,19.70,4.00,-0.544,-0.199,1.023,-22.42,28.63,0.27
81119,0.10,13.20,0.00,-0.544,-0.199,1.023,-22.42,28.63,0.27
81139,0.06,8.70,0.00,-0.544,-0.199,1.023,-16.32,-17.47,30.03
81159,0.03,5.90,0.00,-0.544,-0.199,1.023,-16.32,-17.47,30.03
81179,0.01,3.70,0.00,-0.544,-0.199,1.023,-16.32,-17.47,30.03
81199,0.00,2.60,0.00,-0.544,-0.199,1.023,-16.32,-17.47,30.03
81219,0.00,1.90,0.00,0.239,-0.122,0.923,-16.32,-17.47,30.03
81239,0.00,1.20,0.00,0.239,-0.122,0.923,-16.28,-13.33,29.32
81259,0.00,0.70,0.00,0.239,-0.122,0.923,-16.28,-13.33,29.32
81279,0.00,0.40,0.00,0.239,-0.122,0.923,-16.28,-13.33,29.32
81299,0.00,0.20,0.00,0.239,-0.122,0.923,-16.28,-13.33,29.32
81319,0.00,0.20,0.00,0.169,-0.163,1.193,-16.28,-13.33,29.32
81339,0.00,-0.10,0.00,0.169,-0.163,1.193,-16.29,6.92,24.03
81359,0.00,-0.20,0.00,0.169,-0.163,1.193,-16.29,6.92,24.03
81379,0.00,-0.50,0.00,0.169,-0.163,1.193,-16.29,6.92,24.03
81399,0.00,-0.20,0.00,0.169,-0.163,1.193,-16.29,6.92,24.03
81419,0.00,-0.20,0.00,-0.187,-0.168,0.973,-16.29,6.92,24.03
81439,0.00,-0.60,0.00,-0.187,-0.168,0.973,-21.38,35.02,13.00
81459,0.00,-0.40,0.00,-0.187,-0.168,0.973,-21.38,35.02,13.00
81479,0.00,-0.60,0.00,-0.187,-0.168,0.973,-21.38,35.02,13.00
81499,0.00,1.10,0.00,-0.187,-0.168,0.973,-21.38,35.02,13.00
81519,1.02,110.90,140.00,-0.300,-0.062,0.553,-21.38,35.02,13.00
81539,2.47,262.30,668.00,-0.300,-0.062,0.553,-26.62,44.62,4.26
81559,3.44,357.10,1278.00,-0.300,-0.062,0.553,-26.62,44.62,4.26
81579,3.79,389.10,1468.00,-0.300,-0.062,0.553,-26.62,44.62,4.26
81599,3.97,407.60,1618.00,-0.300,-0.062,0.553,-26.62,44.62,4.26
81619,4.31,443.80,1940.00,-0.629,-0.225,0.636,-26.62,44.62,4.26
81639,4.53,467.00,2116.00,-0.629,-0.225,0.636,-23.68,34.02,6.82
81659,4.55,468.70,2144.00,-0.629,-0.225,0.636,-23.68,34.02,6.82
81679,4.51,466.20,2108.00,-0.629,-0.225,0.636,-23.68,34.02,6.82
81699,4.44,457.60,2028.00,-0.629,-0.225,0.636,-23.68,34.02,6.82
83384,4.13,423.50,1734.00,-0.758,-0.066,0.768,-20.76,28.84,18.42
83404,3.86,393.50,1498.00,-0.482,-0.247,1.183,-20.76,28.84,18.42
83424,3.36,345.50,1144.00,-0.482,-0.247,1.183,-17.34,7.53,27.83
83444,2.78,281.90,764.00,-0.482,-0.247,1.183,-17.34,7.53,27.83
83464,2.16,220.20,468.00,-0.482,-0.247,1.183,-17.34,7.53,27.83
83484,1.51,155.70,220.00,-0.482,-0.247,1.183,-17.34,7.53,27.83
83504,1.01,102.40,98.00,-0.032,-0.162,0.947,-17.34,7.53,27.83
83524,0.63,66.90,42.00,-0.032,-0.162,0.947,-15.74,-11.35,34.83
83544,0.40,44.00,16.00,-0.032,-0.162,0.947,-15.74,-11.35,34.83
83564,0.26,28.50,6.00,-0.032,-0.162,0.947,-15.74,-11.35,34.83
83584,0.16,19.10,4.00,-0.032,-0.162,0.947,-15.74,-11.35,34.83
83604,0.10,12.60,0.00,0.189,-0.125,0.859,-15.74,-11.35,34.83
83624,0.06,8.40,0.00,0.189,-0.125,0.859,-15.66,-11.81,36.79
83644,0.03,5.70,0.00,0.189,-0.125,0.859,-15.66,-11.81,36.79
83664,0.01,3.70,0.00,0.189,-0.125,0.859,-15.66,-11.81,36.79
83684,0.00,2.60,0.00,0.189,-0.125,0.859,-15.66,-11.81,36.79
83704,0.00,1.60,0.00,0.010,-0.138,1.067,-15.66,-11.81,36.79
83724,0.00,1.00,0.00,0.010,-0.138,1.067,-15.82,1.81,35.51
83744,0.00,0.60,0.00,0.010,-0.138,1.067,-15.82,1.81,35.51
83764,0.00,0.50,0.00,0.010,-0.138,1.067,-15.82,1.81,35.51
83784,0.00,0.10,0.00,0.010,-0.138,1.067,-15.82,1.81,35.51
83804,0.00,0.00,0.00,-0.149,-0.192,0.945,-15.82,1.81,35.51
83824,0.00,0.00,0.00,-0.149,-0.192,0.945,-16.32,12.91,34.28
83844,0.00,-0.30,0.00,-0.149,-0.192,0.945,-16.32,12.91,34.28
83864,0.00,0.00,0.00,-0.149,-0.192,0.945,-16.32,12.91,34.28
83884,0.00,-0.60,0.00,-0.149,-0.192,0.945,-16.32,12.91,34.28
83904,0.00,1.50,0.00,-0.086,-0.138,0.976,-16.32,12.91,34.28
83924,0.13,16.60,4.00,-0.086,-0.138,0.976,-15.61,9.32,35.97
83944,0.38,41.20,16.00,-0.086,-0.138,0.976,-15.61,9.32,35.97
83964,0.34,37.90,14.00,-0.086,-0.138,0.976,-15.61,9.32,35.97
83984,0.28,30.70,6.00,-0.086,-0.138,0.976,-15.61,9.32,35.97
84004,0.16,19.00,4.00,-0.054,-0.167,0.959,-15.61,9.32,35.97
84024,0.10,12.00,0.00,-0.054,-0.167,0.959,-14.66,1.10,38.78
84044,0.05,7.80,0.00,-0.054,-0.167,0.959,-14.66,1.10,38.78
85565,0.00,-0.50,0.00,-0.021,-0.148,0.974,-13.26,0.91,44.37
85584,0.00,-0.70,0.00,-0.021,-0.148,0.974,-13.26,0.91,44.37
85604,0.00,-0.60,0.00,-0.016,-0.165,0.978,-13.26,0.91,44.37
85624,0.00,-0.50,0.00,-0.016,-0.165,0.978,-11.79,1.42,49.53
85644,0.00,-0.50,0.00,-0.016,-0.165,0.978,-11.79,1.42,49.53
85664,0.00,-0.80,0.00,-0.016,-0.165,0.978,-11.79,1.42,49.53
85684,0.00,-0.60,0.00,-0.016,-0.165,0.978,-11.79,1.42,49.53
85704,0.00,-0.60,0.00,-0.040,-0.184,0.999,-11.79,1.42,49.53
85724,0.00,-1.00,0.00,-0.040,-0.184,0.999,-11.74,1.73,49.72
85744,0.00,-0.70,0.00,-0.040,-0.184,0.999,-11.74,1.73,49.72
85764,0.00,-0.70,0.00,-0.040,-0.184,0.999,-11.74,1.73,49.72
85784,0.00,-0.70,0.00,-0.040,-0.184,0.999,-11.74,1.73,49.72
