Timestamp,Data
2025-08-04 14:37:00.323,INA219 sensor found!
2025-08-04 14:37:00.327,Time(s)	Voltage(V)	Current(mA)	Power(mW)
2025-08-04 14:37:00.329,1.00	0.88		450.8		398.5
2025-08-04 14:37:00.376,1.05	0.80		409.2		329.0
2025-08-04 14:37:00.426,1.10	0.70		361.4		253.0
2025-08-04 14:37:00.476,1.15	0.62		318.3		197.3
2025-08-04 14:37:00.524,1.20	0.43		224.7		96.2
2025-08-04 14:37:00.577,1.25	0.21		117.9		24.5
2025-08-04 14:37:00.626,1.30	0.06		40.8		2.3
2025-08-04 14:37:00.677,1.35	0.00		14.7		0.0
2025-08-04 14:37:00.725,1.40	0.00		5.5		0.0
2025-08-04 14:37:00.775,1.45	0.00		2.2		0.0
2025-08-04 14:37:00.823,1.50	0.00		0.6		0.0
2025-08-04 14:37:00.876,1.55	0.00		0.0		0.0
2025-08-04 14:37:00.926,1.60	0.00		-0.1		0.0
2025-08-04 14:37:00.975,1.65	0.00		-0.2		0.0
2025-08-04 14:37:01.027,1.70	0.00		-0.6		0.0
2025-08-04 14:37:01.076,1.75	0.00		-0.3		0.0
2025-08-04 14:37:01.126,1.80	0.00		16.5		0.0
2025-08-04 14:37:01.176,1.85	1.33		682.9		909.6
2025-08-04 14:37:01.226,1.90	1.28		646.4		827.4
2025-08-04 14:37:01.277,1.95	1.24		624.7		774.6
2025-08-04 14:37:01.327,2.00	1.03		523.6		540.4
2025-08-04 14:37:01.376,2.05	0.79		406.4		321.9
2025-08-04 14:37:01.426,2.10	0.57		294.6		167.3
2025-08-04 14:37:01.475,2.15	0.38		199.0		75.6
2025-08-04 14:37:01.527,2.20	0.16		94.3		15.5
2025-08-04 14:37:01.577,2.25	0.04		32.8		1.2
2025-08-04 14:37:01.626,2.30	0.00		12.0		0.0
2025-08-04 14:37:01.676,2.35	0.00		4.6		0.0
2025-08-04 14:37:01.725,2.40	0.00		1.4		0.0
2025-08-04 14:37:01.777,2.45	0.00		0.5		0.0
2025-08-04 14:37:01.826,2.50	0.00		0.5		0.0
2025-08-04 14:37:01.876,2.55	0.00		0.0		0.0
2025-08-04 14:37:01.926,2.60	0.00		-0.3		0.0
2025-08-04 14:37:01.978,2.65	0.00		-0.4		0.0
2025-08-04 14:37:02.027,2.70	0.00		-0.2		0.0
2025-08-04 14:37:02.077,2.75	0.01		22.6		0.3
2025-08-04 14:37:02.127,2.80	1.04		542.6		562.1
2025-08-04 14:37:02.178,2.85	1.23		620.7		762.2
2025-08-04 14:37:02.228,2.90	1.14		577.4		655.9
2025-08-04 14:37:02.277,2.95	1.08		552.8		599.2
2025-08-04 14:37:02.326,3.00	0.92		469.8		432.2
2025-08-04 14:37:02.376,3.05	0.70		356.5		248.1
2025-08-04 14:37:02.428,3.10	0.52		272.7		142.9
2025-08-04 14:37:02.477,3.15	0.33		174.2		57.8
2025-08-04 14:37:02.527,3.20	0.11		66.7		7.2
2025-08-04 14:37:02.576,3.25	0.02		23.6		0.4
2025-08-04 14:37:02.626,3.30	0.00		8.8		0.0
2025-08-04 14:37:02.678,3.35	0.00		3.5		0.0
2025-08-04 14:37:02.727,3.40	0.00		1.3		0.0
2025-08-04 14:37:02.777,3.45	0.00		0.6		0.0
2025-08-04 14:37:02.827,3.50	0.00		0.3		0.0
2025-08-04 14:37:02.876,3.55	0.00		-0.1		0.0
2025-08-04 14:37:02.928,3.60	0.00		-0.2		0.0
2025-08-04 14:37:02.977,3.65	0.00		-0.6		0.0
2025-08-04 14:37:03.027,3.70	0.20		127.2		25.9
2025-08-04 14:37:03.077,3.75	1.21		613.9		741.6
2025-08-04 14:37:03.126,3.80	1.22		623.4		763.0
2025-08-04 14:37:03.178,3.85	1.20		607.2		728.6
2025-08-04 14:37:03.227,3.90	1.07		535.7		572.1
2025-08-04 14:37:03.277,3.95	0.89		452.3		401.6
2025-08-04 14:37:03.326,4.00	0.75		389.0		292.5
2025-08-04 14:37:03.378,4.05	0.63		326.6		205.1
2025-08-04 14:37:03.428,4.10	0.34		181.8		61.8
2025-08-04 14:37:03.477,4.15	0.12		70.0		8.1
2025-08-04 14:37:03.527,4.20	0.02		25.1		0.5
2025-08-04 14:37:03.579,4.25	0.00		9.4		0.0
2025-08-04 14:37:03.629,4.30	0.00		3.7		0.0
2025-08-04 14:37:03.679,4.35	0.00		1.6		0.0
2025-08-04 14:37:03.728,4.40	0.00		0.7		0.0
2025-08-04 14:37:03.777,4.45	0.00		0.3		0.0
2025-08-04 14:37:03.829,4.50	0.00		0.1		0.0
2025-08-04 14:37:03.880,4.55	0.00		-0.3		0.0
2025-08-04 14:37:03.928,4.60	0.00		-0.4		0.0
2025-08-04 14:37:03.978,4.65	0.00		-0.3		0.0
2025-08-04 14:37:04.030,4.70	1.03		548.8		564.2
2025-08-04 14:37:04.079,4.75	1.58		794.8		1255.8
2025-08-04 14:37:04.129,4.80	1.58		796.5		1258.5
2025-08-04 14:37:04.179,4.85	1.44		723.3		1038.7
2025-08-04 14:37:04.230,4.90	1.15		585.8		674.8
2025-08-04 14:37:04.280,4.95	0.94		481.6		452.7
2025-08-04 14:37:04.329,5.00	0.74		385.4		285.2
2025-08-04 14:37:04.379,5.05	0.59		305.1		179.4
2025-08-04 14:37:04.428,5.10	0.41		213.6		87.1
2025-08-04 14:37:04.480,5.15	0.20		112.0		22.4
2025-08-04 14:37:04.530,5.20	0.05		38.7		1.9
2025-08-04 14:37:04.579,5.25	0.00		14.4		0.0
2025-08-04 14:37:04.628,5.30	0.00		5.6		0.0
2025-08-04 14:37:04.678,5.35	0.00		2.1		0.0
2025-08-04 14:37:04.727,5.40	0.00		0.8		0.0
2025-08-04 14:37:04.779,5.45	0.00		0.2		0.0
2025-08-04 14:37:04.829,5.50	0.00		-0.1		0.0
2025-08-04 14:37:04.878,5.55	0.00		-0.1		0.0
2025-08-04 14:37:04.928,5.60	0.00		-0.4		0.0
2025-08-04 14:37:04.980,5.65	0.00		-0.6		0.0
2025-08-04 14:37:05.029,5.70	0.64		335.9		213.6
2025-08-04 14:37:05.079,5.75	1.40		699.7		976.8
2025-08-04 14:37:05.129,5.80	1.30		650.4		842.9
2025-08-04 14:37:05.178,5.85	1.15		581.8		667.9
2025-08-04 14:37:05.230,5.90	1.02		509.2		517.3
2025-08-04 14:37:05.279,5.95	0.86		438.4		377.0
2025-08-04 14:37:05.329,6.00	0.76		393.5		300.6
2025-08-04 14:37:05.379,6.05	0.78		401.1		312.9
2025-08-04 14:37:05.428,6.10	0.78		394.5		306.1
2025-08-04 14:37:05.480,6.15	0.62		317.3		195.5
2025-08-04 14:37:05.529,6.20	0.31		160.9		49.6
2025-08-04 14:37:05.579,6.25	0.08		57.1		4.8
2025-08-04 14:37:05.629,6.30	0.01		20.3		0.2
2025-08-04 14:37:05.680,6.35	0.00		7.7		0.0
2025-08-04 14:37:05.729,6.40	0.00		3.3		0.0
2025-08-04 14:37:05.779,6.45	0.00		1.2		0.0
2025-08-04 14:37:05.830,6.50	0.00		0.5		0.0
2025-08-04 14:37:05.878,6.55	0.00		0.1		0.0
2025-08-04 14:37:05.930,6.60	0.00		-0.1		0.0
2025-08-04 14:37:05.979,6.65	0.00		-0.1		0.0
2025-08-04 14:37:06.028,6.70	0.00		-0.1		0.0
2025-08-04 14:37:06.078,6.75	0.00		-0.5		0.0
2025-08-04 14:37:06.128,6.80	0.00		-0.6		0.0
2025-08-04 14:37:06.180,6.85	0.22		149.3		32.2
2025-08-04 14:37:06.230,6.90	1.75		881.0		1543.5
2025-08-04 14:37:06.279,6.96	1.91		958.2		1828.2
2025-08-04 14:37:06.329,7.01	1.86		928.7		1727.4
2025-08-04 14:37:06.381,7.05	1.56		784.5		1227.0
2025-08-04 14:37:06.430,7.11	1.29		650.0		837.2
2025-08-04 14:37:06.480,7.16	1.09		551.8		600.4
2025-08-04 14:37:06.530,7.21	0.92		470.6		434.8
2025-08-04 14:37:06.578,7.26	0.70		361.2		254.3
2025-08-04 14:37:06.631,7.30	0.36		187.2		67.4
2025-08-04 14:37:06.680,7.36	0.11		69.0		7.7
2025-08-04 14:37:06.729,7.41	0.02		24.7		0.5
2025-08-04 14:37:06.779,7.46	0.00		9.7		0.0
2025-08-04 14:37:06.831,7.51	0.00		3.7		0.0
2025-08-04 14:37:06.880,7.55	0.00		1.5		0.0
2025-08-04 14:37:06.930,7.61	0.00		0.8		0.0
2025-08-04 14:37:06.980,7.66	0.00		0.3		0.0
2025-08-04 14:37:07.029,7.71	0.00		0.2		0.0
2025-08-04 14:37:07.081,7.76	0.00		0.1		0.0
2025-08-04 14:37:07.131,7.80	0.00		0.0		0.0
2025-08-04 14:37:07.180,7.86	0.00		-0.5		0.0
2025-08-04 14:37:07.230,7.91	0.30		169.0		51.4
2025-08-04 14:37:07.279,7.96	1.39		705.2		978.8
2025-08-04 14:37:07.331,8.01	1.52		762.5		1156.0
2025-08-04 14:37:07.380,8.06	1.53		766.6		1171.4
2025-08-04 14:37:07.430,8.10	1.28		654.0		839.7
2025-08-04 14:37:07.479,8.15	1.08		544.4		588.0
2025-08-04 14:37:07.532,8.21	0.99		500.9		496.9
2025-08-04 14:37:07.581,8.26	0.82		423.8		349.2
2025-08-04 14:37:07.631,8.31	0.46		236.2		108.7
2025-08-04 14:37:07.680,8.35	0.15		87.3		12.9
2025-08-04 14:37:07.729,8.41	0.04		31.1		1.1
2025-08-04 14:37:07.782,8.46	0.00		11.9		0.0
2025-08-04 14:37:07.831,8.51	0.00		4.6		0.0
2025-08-04 14:37:07.881,8.56	0.00		2.0		0.0
2025-08-04 14:37:07.930,8.61	0.00		0.8		0.0
2025-08-04 14:37:07.982,8.66	0.00		0.3		0.0
2025-08-04 14:37:08.032,8.71	0.00		0.2		0.0
2025-08-04 14:37:08.082,8.76	0.00		-0.1		0.0
2025-08-04 14:37:08.131,8.81	0.00		-0.4		0.0
2025-08-04 14:37:08.181,8.86	0.00		-0.1		0.0
2025-08-04 14:37:08.232,8.91	0.49		268.0		131.9
2025-08-04 14:37:08.282,8.96	1.66		835.6		1390.4
2025-08-04 14:37:08.332,9.01	1.66		838.2		1394.8
2025-08-04 14:37:08.381,9.06	1.57		782.9		1227.6
2025-08-04 14:37:08.433,9.11	1.24		623.5		773.1
2025-08-04 14:37:08.482,9.16	0.93		467.5		435.7
2025-08-04 14:37:08.532,9.21	0.75		383.4		286.8
2025-08-04 14:37:08.581,9.26	0.75		385.5		289.9
2025-08-04 14:37:08.630,9.31	0.59		300.8		176.9
2025-08-04 14:37:08.683,9.36	0.24		133.0		32.5
2025-08-04 14:37:08.732,9.41	0.07		46.4		3.2
2025-08-04 14:37:08.782,9.46	0.00		16.8		0.1
2025-08-04 14:37:08.831,9.51	0.00		6.5		0.0
2025-08-04 14:37:08.883,9.56	0.00		2.6		0.0
2025-08-04 14:37:08.932,9.61	0.00		1.0		0.0
2025-08-04 14:37:08.982,9.66	0.00		0.4		0.0
2025-08-04 14:37:09.032,9.71	0.00		0.1		0.0
2025-08-04 14:37:09.081,9.76	0.00		0.3		0.0
2025-08-04 14:37:09.133,9.81	0.00		-0.1		0.0
2025-08-04 14:37:09.182,9.86	0.00		0.0		0.0
2025-08-04 14:37:09.232,9.91	0.46		251.9		115.9
2025-08-04 14:37:09.282,9.96	1.59		799.2		1272.3
2025-08-04 14:37:09.331,10.01	1.46		733.7		1068.3
2025-08-04 14:37:09.383,10.06	1.30		646.2		837.5
2025-08-04 14:37:09.433,10.11	0.94		477.8		447.2
2025-08-04 14:37:09.482,10.16	0.63		322.8		202.7
2025-08-04 14:37:09.532,10.21	0.41		218.3		89.9
2025-08-04 14:37:09.581,10.26	0.44		232.0		101.2
2025-08-04 14:37:09.633,10.31	0.61		312.5		190.0
2025-08-04 14:37:09.682,10.36	0.58		295.7		171.5
2025-08-04 14:37:09.732,10.41	0.28		155.8		44.2
2025-08-04 14:37:09.782,10.46	0.09		57.2		5.0
2025-08-04 14:37:09.831,10.51	0.01		20.2		0.2
2025-08-04 14:37:09.883,10.56	0.00		7.6		0.0
2025-08-04 14:37:09.932,10.61	0.00		3.1		0.0
2025-08-04 14:37:09.982,10.66	0.00		1.2		0.0
2025-08-04 14:37:10.032,10.71	0.00		0.6		0.0
2025-08-04 14:37:10.080,10.76	0.00		-0.1		0.0
2025-08-04 14:37:10.133,10.81	0.00		-0.1		0.0
2025-08-04 14:37:10.182,10.86	0.00		-0.2		0.0
2025-08-04 14:37:10.232,10.91	0.00		-0.4		0.0
2025-08-04 14:37:10.281,10.96	0.00		15.1		0.0
2025-08-04 14:37:10.333,11.01	1.48		750.9		1114.3
2025-08-04 14:37:10.383,11.06	1.70		852.8		1449.8
2025-08-04 14:37:10.432,11.11	1.66		832.3		1378.3
2025-08-04 14:37:10.482,11.16	1.37		688.1		941.3
2025-08-04 14:37:10.531,11.21	1.12		566.1		631.8
2025-08-04 14:37:10.583,11.26	0.98		502.7		494.7
2025-08-04 14:37:10.633,11.31	0.79		402.4		317.1
2025-08-04 14:37:10.682,11.36	0.47		242.7		114.6
2025-08-04 14:37:10.732,11.41	0.16		96.2		15.8
2025-08-04 14:37:10.784,11.46	0.04		33.7		1.2
2025-08-04 14:37:10.833,11.51	0.00		12.9		0.0
2025-08-04 14:37:10.883,11.56	0.00		5.2		0.0
2025-08-04 14:37:10.933,11.61	0.00		2.0		0.0
2025-08-04 14:37:10.981,11.66	0.00		0.8		0.0
2025-08-04 14:37:11.034,11.71	0.00		0.7		0.0
2025-08-04 14:37:11.083,11.76	0.00		0.1		0.0
2025-08-04 14:37:11.133,11.81	0.00		-0.1		0.0
2025-08-04 14:37:11.183,11.86	0.00		-0.2		0.0
2025-08-04 14:37:11.231,11.91	0.00		-0.3		0.0
2025-08-04 14:37:11.284,11.96	0.22		134.5		30.1
2025-08-04 14:37:11.333,12.01	1.78		894.7		1592.6
2025-08-04 14:37:11.383,12.06	1.80		900.9		1618.0
2025-08-04 14:37:11.435,12.11	1.58		789.7		1247.7
2025-08-04 14:37:11.485,12.16	1.26		637.4		803.1
2025-08-04 14:37:11.534,12.21	1.04		529.4		552.7
2025-08-04 14:37:11.583,12.26	0.94		474.8		448.2
2025-08-04 14:37:11.633,12.31	0.78		397.2		308.2
2025-08-04 14:37:11.685,12.36	0.50		251.2		124.6
2025-08-04 14:37:11.734,12.41	0.16		95.6		15.7
2025-08-04 14:37:11.784,12.46	0.04		33.9		1.4
2025-08-04 14:37:11.834,12.51	0.00		12.9		0.0
2025-08-04 14:37:11.883,12.56	0.00		5.0		0.0
2025-08-04 14:37:11.933,12.61	0.00		2.0		0.0
2025-08-04 14:37:11.984,12.66	0.00		1.0		0.0
2025-08-04 14:37:12.035,12.71	0.00		0.4		0.0
2025-08-04 14:37:12.083,12.76	0.00		0.2		0.0
2025-08-04 14:37:12.135,12.81	0.00		-0.1		0.0
2025-08-04 14:37:12.185,12.86	0.00		-0.1		0.0
2025-08-04 14:37:12.235,12.91	0.00		-0.2		0.0
2025-08-04 14:37:12.283,12.96	0.00		-0.2		0.0
2025-08-04 14:37:12.336,13.01	0.02		32.8		0.7
2025-08-04 14:37:12.385,13.06	0.95		492.3		468.7
2025-08-04 14:37:12.435,13.11	1.24		624.8		777.3
2025-08-04 14:37:12.484,13.16	1.22		615.7		748.7
2025-08-04 14:37:12.534,13.21	1.15		579.3		667.4
2025-08-04 14:37:12.586,13.26	0.96		486.0		464.6
2025-08-04 14:37:12.636,13.31	0.74		375.2		277.6
2025-08-04 14:37:12.685,13.36	0.60		308.4		183.8
2025-08-04 14:37:12.734,13.41	0.71		366.7		259.6
2025-08-04 14:37:12.784,13.46	0.82		418.6		341.6
2025-08-04 14:37:12.836,13.51	0.53		273.2		144.2
2025-08-04 14:37:12.885,13.56	0.18		100.9		18.2
2025-08-04 14:37:12.936,13.61	0.04		36.3		1.6
2025-08-04 14:37:12.984,13.66	0.00		13.4		0.0
2025-08-04 14:37:13.034,13.71	0.00		5.2		0.0
2025-08-04 14:37:13.086,13.76	0.00		1.9		0.0
2025-08-04 14:37:13.135,13.81	0.00		1.0		0.0
2025-08-04 14:37:13.185,13.86	0.00		0.5		0.0
2025-08-04 14:37:13.235,13.91	0.00		-0.1		0.0
2025-08-04 14:37:13.283,13.96	0.00		-0.1		0.0
2025-08-04 14:37:13.336,14.01	0.00		-0.3		0.0
2025-08-04 14:37:13.385,14.06	0.00		16.4		0.0
2025-08-04 14:37:13.435,14.11	1.46		756.4		1104.3
2025-08-04 14:37:13.485,14.16	1.85		931.0		1720.5
2025-08-04 14:37:13.533,14.21	1.88		938.8		1764.9
2025-08-04 14:37:13.586,14.26	1.74		872.5		1514.7
2025-08-04 14:37:13.635,14.31	1.62		813.5		1314.6
2025-08-04 14:37:13.685,14.36	1.50		755.0		1132.5
2025-08-04 14:37:13.734,14.41	1.38		696.5		964.0
2025-08-04 14:37:13.786,14.46	1.28		647.6		828.9
2025-08-04 14:37:13.835,14.51	1.05		534.5		562.3
2025-08-04 14:37:13.885,14.56	0.71		359.4		255.9
2025-08-04 14:37:13.934,14.61	0.28		148.7		41.0
2025-08-04 14:37:13.984,14.66	0.08		52.6		4.2
2025-08-04 14:37:14.036,14.71	0.01		19.7		0.2
2025-08-04 14:37:14.086,14.76	0.00		7.7		0.0
2025-08-04 14:37:14.135,14.81	0.00		3.5		0.0
2025-08-04 14:37:14.184,14.86	0.00		1.8		0.0
2025-08-04 14:37:14.234,14.91	0.00		0.6		0.0
2025-08-04 14:37:14.286,14.96	0.00		0.5		0.0
2025-08-04 14:37:14.336,15.01	0.00		0.2		0.0
2025-08-04 14:37:14.386,15.06	0.00		0.0		0.0
2025-08-04 14:37:14.434,15.11	0.00		0.0		0.0
2025-08-04 14:37:14.484,15.16	0.00		8.0		0.0
2025-08-04 14:37:14.536,15.21	1.26		649.8		821.3
2025-08-04 14:37:14.585,15.26	1.66		832.5		1378.6
2025-08-04 14:37:14.635,15.31	1.69		851.7		1441.1
2025-08-04 14:37:14.687,15.36	1.65		830.0		1367.8
2025-08-04 14:37:14.736,15.41	1.50		757.0		1138.5
2025-08-04 14:37:14.786,15.46	1.38		693.4		956.9
2025-08-04 14:37:14.835,15.51	1.27		639.7		813.7
2025-08-04 14:37:14.885,15.56	1.11		562.1		622.8
2025-08-04 14:37:14.937,15.61	0.87		433.4		376.2
2025-08-04 14:37:14.987,15.66	0.45		233.5		105.5
2025-08-04 14:37:15.036,15.71	0.15		87.5		13.0
2025-08-04 14:37:15.085,15.76	0.04		31.4		1.1
2025-08-04 14:37:15.135,15.81	0.00		12.4		0.0
2025-08-04 14:37:15.187,15.86	0.00		4.8		0.0
2025-08-04 14:37:15.238,15.91	0.00		2.1		0.0
2025-08-04 14:37:15.287,15.96	0.00		1.0		0.0
2025-08-04 14:37:15.335,16.01	0.00		0.3		0.0
2025-08-04 14:37:15.385,16.06	0.00		0.3		0.0
2025-08-04 14:37:15.437,16.11	0.00		0.1		0.0
2025-08-04 14:37:15.487,16.16	0.00		0.3		0.0
2025-08-04 14:37:15.537,16.21	0.00		0.0		0.0
2025-08-04 14:37:15.585,16.26	0.00		13.9		0.0
2025-08-04 14:37:15.638,16.31	1.44		744.4		1069.0
2025-08-04 14:37:15.687,16.36	1.78		890.5		1581.5
2025-08-04 14:37:15.737,16.41	1.82		911.2		1654.7
2025-08-04 14:37:15.787,16.46	1.75		877.5		1533.9
2025-08-04 14:37:15.838,16.51	1.60		801.1		1278.6
2025-08-04 14:37:15.888,16.56	1.44		723.5		1041.8
2025-08-04 14:37:15.937,16.61	1.37		691.0		948.1
2025-08-04 14:37:15.987,16.66	1.24		627.7		780.9
2025-08-04 14:37:16.036,16.71	0.92		460.7		422.0
2025-08-04 14:37:16.088,16.76	0.48		254.3		123.1
2025-08-04 14:37:16.138,16.81	0.16		89.8		14.0
2025-08-04 14:37:16.187,16.86	0.04		32.8		1.3
2025-08-04 14:37:16.236,16.91	0.00		12.6		0.0
2025-08-04 14:37:16.286,16.96	0.00		5.4		0.0
2025-08-04 14:37:16.338,17.01	0.00		2.4		0.0
2025-08-04 14:37:16.387,17.06	0.00		1.1		0.0
2025-08-04 14:37:16.437,17.11	0.00		0.5		0.0
2025-08-04 14:37:16.486,17.16	0.00		0.3		0.0
2025-08-04 14:37:16.539,17.21	0.00		0.3		0.0
2025-08-04 14:37:16.588,17.26	0.00		0.1		0.0
2025-08-04 14:37:16.639,17.31	0.00		-0.1		0.0
2025-08-04 14:37:16.687,17.36	0.00		-0.2		0.0
2025-08-04 14:37:16.737,17.41	0.00		-0.3		0.0
2025-08-04 14:37:16.788,17.46	0.00		-0.3		0.0
2025-08-04 14:37:16.838,17.51	1.02		544.2		557.3
2025-08-04 14:37:16.888,17.56	1.41		708.4		997.4
2025-08-04 14:37:16.936,17.61	1.52		772.4		1177.1
2025-08-04 14:37:16.989,17.66	1.46		735.9		1074.4
2025-08-04 14:37:17.038,17.71	1.41		713.0		1003.9
2025-08-04 14:37:17.088,17.76	1.35		684.6		925.6
2025-08-04 14:37:17.138,17.81	1.18		593.2		700.0
2025-08-04 14:37:17.187,17.86	1.04		526.3		545.2
2025-08-04 14:37:17.239,17.91	0.89		455.7		406.5
2025-08-04 14:37:17.288,17.96	0.57		295.4		167.8
2025-08-04 14:37:17.338,18.01	0.26		140.4		35.9
2025-08-04 14:37:17.388,18.06	0.07		48.9		3.3
2025-08-04 14:37:17.436,18.11	0.01		18.2		0.1
2025-08-04 14:37:17.489,18.16	0.00		7.1		0.0
2025-08-04 14:37:17.538,18.21	0.00		3.1		0.0
2025-08-04 14:37:17.589,18.26	0.00		1.1		0.0
2025-08-04 14:37:17.637,18.31	0.00		0.6		0.0
2025-08-04 14:37:17.687,18.36	0.00		0.5		0.0
2025-08-04 14:37:17.739,18.41	0.00		0.2		0.0
2025-08-04 14:37:17.788,18.46	0.00		0.1		0.0
2025-08-04 14:37:17.838,18.51	0.00		-0.1		0.0
2025-08-04 14:37:17.887,18.56	0.00		-0.3		0.0
2025-08-04 14:37:17.937,18.61	0.00		0.1		0.0
2025-08-04 14:37:17.989,18.66	1.09		563.4		615.2
2025-08-04 14:37:18.038,18.71	1.84		922.0		1692.8
2025-08-04 14:37:18.088,18.76	1.82		910.6		1653.6
2025-08-04 14:37:18.137,18.81	1.63		817.2		1330.4
2025-08-04 14:37:18.187,18.86	1.54		776.5		1195.8
2025-08-04 14:37:18.239,18.91	1.46		729.7		1065.4
2025-08-04 14:37:18.288,18.96	1.14		578.1		659.0
2025-08-04 14:37:18.339,19.01	0.84		424.5		358.3
2025-08-04 14:37:18.387,19.06	0.58		297.9		171.6
2025-08-04 14:37:18.439,19.11	0.38		200.4		77.0
2025-08-04 14:37:18.489,19.16	0.21		120.0		25.4
2025-08-04 14:37:18.538,19.21	0.06		46.4		3.0
2025-08-04 14:37:18.587,19.26	0.00		16.7		0.1
2025-08-04 14:37:18.637,19.31	0.00		6.5		0.0
2025-08-04 14:37:18.689,19.36	0.00		2.5		0.0
2025-08-04 14:37:18.739,19.41	0.00		1.1		0.0
2025-08-04 14:37:18.787,19.46	0.00		0.5		0.0
2025-08-04 14:37:18.837,19.51	0.00		0.2		0.0
2025-08-04 14:37:18.887,19.56	0.00		0.0		0.0
2025-08-04 14:37:18.939,19.61	0.00		0.2		0.0
2025-08-04 14:37:18.990,19.66	0.00		-0.2		0.0
2025-08-04 14:37:19.038,19.71	0.00		0.1		0.0
2025-08-04 14:37:19.087,19.76	0.00		0.1		0.0
2025-08-04 14:37:19.136,19.81	0.00		-0.3		0.0
2025-08-04 14:37:19.189,19.86	0.60		319.1		192.7
2025-08-04 14:37:19.239,19.91	1.62		818.6		1329.4
2025-08-04 14:37:19.288,19.96	1.64		828.1		1361.4
2025-08-04 14:37:19.340,20.01	1.60		803.6		1285.8
2025-08-04 14:37:19.390,20.06	1.57		793.4		1247.2
2025-08-04 14:37:19.440,20.11	1.41		705.8		996.6
2025-08-04 14:37:19.489,20.16	1.15		580.8		666.8
2025-08-04 14:37:19.541,20.21	0.90		451.5		404.5
2025-08-04 14:37:19.590,20.26	0.60		312.2		188.6
2025-08-04 14:37:19.640,20.31	0.26		140.9		36.6
2025-08-04 14:37:19.689,20.36	0.08		52.0		4.0
2025-08-04 14:37:19.739,20.41	0.01		18.9		0.2
2025-08-04 14:37:19.788,20.46	0.00		7.2		0.0
2025-08-04 14:37:19.840,20.51	0.00		2.7		0.0
2025-08-04 14:37:19.891,20.56	0.00		1.5		0.0
2025-08-04 14:37:19.939,20.61	0.00		0.3		0.0
2025-08-04 14:37:19.989,20.66	0.00		0.4		0.0
2025-08-04 14:37:20.041,20.71	0.00		0.0		0.0
2025-08-04 14:37:20.090,20.76	0.00		0.0		0.0
2025-08-04 14:37:20.140,20.81	0.00		-0.2		0.0
2025-08-04 14:37:20.189,20.86	0.00		-0.2		0.0
2025-08-04 14:37:20.238,20.91	0.11		72.9		8.2
2025-08-04 14:37:20.291,20.96	1.40		709.5		993.3
2025-08-04 14:37:20.340,21.01	1.58		794.2		1251.7
2025-08-04 14:37:20.390,21.06	1.54		773.3		1187.8
2025-08-04 14:37:20.440,21.11	1.38		688.9		947.9
2025-08-04 14:37:20.491,21.16	1.24		626.9		779.9
2025-08-04 14:37:20.540,21.21	1.10		557.9		611.5
2025-08-04 14:37:20.590,21.26	0.98		499.7		489.7
2025-08-04 14:37:20.640,21.31	0.84		426.7		360.1
2025-08-04 14:37:20.690,21.36	0.76		386.6		292.3
2025-08-04 14:37:20.741,21.41	0.72		373.3		267.3
2025-08-04 14:37:20.791,21.46	0.54		281.8		153.3
2025-08-04 14:37:20.840,21.51	0.20		112.4		22.9
2025-08-04 14:37:20.890,21.56	0.05		39.4		2.0
2025-08-04 14:37:20.942,21.61	0.00		14.7		0.0
2025-08-04 14:37:20.991,21.66	0.00		5.5		0.0
2025-08-04 14:37:21.041,21.71	0.00		2.2		0.0
2025-08-04 14:37:21.090,21.76	0.00		1.1		0.0
2025-08-04 14:37:21.140,21.81	0.00		0.6		0.0
2025-08-04 14:37:21.192,21.86	0.00		0.5		0.0
2025-08-04 14:37:21.241,21.91	0.00		0.0		0.0
2025-08-04 14:37:21.291,21.96	0.00		-0.1		0.0
2025-08-04 14:37:21.341,22.01	0.00		-0.4		0.0
2025-08-04 14:37:21.389,22.06	0.00		10.5		0.0
2025-08-04 14:37:21.442,22.11	1.39		708.8		986.6
2025-08-04 14:37:21.491,22.16	1.82		913.9		1663.3
2025-08-04 14:37:21.541,22.21	1.79		897.2		1607.8
2025-08-04 14:37:21.590,22.26	1.56		784.2		1223.4
2025-08-04 14:37:21.642,22.31	1.24		627.3		780.4
2025-08-04 14:37:21.691,22.36	1.00		506.0		506.0
2025-08-04 14:37:21.741,22.41	0.82		412.2		336.4
2025-08-04 14:37:21.790,22.46	0.93		476.4		442.1
2025-08-04 14:37:21.840,22.51	0.85		423.7		359.3
2025-08-04 14:37:21.892,22.56	0.44		227.9		99.4
2025-08-04 14:37:21.942,22.61	0.14		78.4		10.7
2025-08-04 14:37:21.991,22.66	0.03		29.6		0.8
2025-08-04 14:37:22.041,22.71	0.00		11.0		0.0
2025-08-04 14:37:22.090,22.76	0.00		4.4		0.0
2025-08-04 14:37:22.142,22.81	0.00		2.0		0.0
2025-08-04 14:37:22.192,22.86	0.00		0.6		0.0
2025-08-04 14:37:22.241,22.91	0.00		0.7		0.0
2025-08-04 14:37:22.290,22.96	0.00		0.0		0.0
2025-08-04 14:37:22.340,23.01	0.00		0.2		0.0
2025-08-04 14:37:22.392,23.06	0.00		0.2		0.0
2025-08-04 14:37:22.441,23.11	0.00		-0.7		0.0
2025-08-04 14:37:22.492,23.16	0.96		518.0		495.2
2025-08-04 14:37:22.541,23.21	1.69		850.6		1439.2
2025-08-04 14:37:22.592,23.26	1.62		815.3		1324.0
2025-08-04 14:37:22.642,23.31	1.47		736.4		1081.0
2025-08-04 14:37:22.691,23.36	1.25		629.4		785.5
2025-08-04 14:37:22.741,23.41	1.16		590.3		687.1
2025-08-04 14:37:22.793,23.46	1.10		557.6		613.4
2025-08-04 14:37:22.842,23.51	0.95		475.3		450.6
2025-08-04 14:37:22.892,23.56	0.57		294.1		167.0
2025-08-04 14:37:22.942,23.61	0.21		114.7		24.3
2025-08-04 14:37:22.992,23.66	0.05		41.2		2.1
2025-08-04 14:37:23.040,23.71	0.00		15.1		0.0
2025-08-04 14:37:23.092,23.76	0.00		6.3		0.0
2025-08-04 14:37:23.142,23.81	0.00		2.5		0.0
2025-08-04 14:37:23.192,23.86	0.00		1.1		0.0
2025-08-04 14:37:23.240,23.91	0.00		0.7		0.0
2025-08-04 14:37:23.290,23.96	0.00		0.3		0.0
2025-08-04 14:37:23.342,24.01	0.00		0.1		0.0
2025-08-04 14:37:23.393,24.06	0.00		0.1		0.0
2025-08-04 14:37:23.441,24.11	0.00		0.1		0.0
2025-08-04 14:37:23.491,24.16	0.00		-0.2		0.0
2025-08-04 14:37:23.543,24.21	0.00		-0.2		0.0
2025-08-04 14:37:23.592,24.26	0.76		410.0		310.0
2025-08-04 14:37:23.643,24.31	1.49		749.2		1114.8
2025-08-04 14:37:23.691,24.36	1.56		782.3		1220.4
2025-08-04 14:37:23.743,24.41	1.44		725.6		1042.0
2025-08-04 14:37:23.793,24.46	1.32		659.7		868.2
2025-08-04 14:37:23.844,24.51	1.25		632.7		792.1
2025-08-04 14:37:23.892,24.56	1.25		633.7		793.4
2025-08-04 14:37:23.944,24.61	1.24		620.2		769.0
2025-08-04 14:37:23.993,24.66	1.00		507.9		505.9
2025-08-04 14:37:24.043,24.71	0.56		287.9		162.4
2025-08-04 14:37:24.092,24.76	0.19		107.2		20.2
2025-08-04 14:37:24.141,24.81	0.05		38.4		1.8
2025-08-04 14:37:24.194,24.86	0.00		14.6		0.0
2025-08-04 14:37:24.243,24.91	0.00		5.8		0.0
2025-08-04 14:37:24.293,24.96	0.00		2.5		0.0
2025-08-04 14:37:24.342,25.01	0.00		1.4		0.0
2025-08-04 14:37:24.391,25.06	0.00		0.5		0.0
2025-08-04 14:37:24.444,25.11	0.00		0.0		0.0
2025-08-04 14:37:24.493,25.16	0.00		0.0		0.0
2025-08-04 14:37:24.543,25.21	0.00		0.0		0.0
2025-08-04 14:37:24.592,25.26	0.00		0.0		0.0
2025-08-04 14:37:24.642,25.31	0.00		-0.2		0.0
2025-08-04 14:37:24.694,25.36	0.72		400.8		287.0
2025-08-04 14:37:24.743,25.41	1.83		920.3		1686.0
2025-08-04 14:37:24.793,25.46	1.76		881.2		1547.4
2025-08-04 14:37:24.843,25.51	1.63		816.4		1329.1
2025-08-04 14:37:24.892,25.56	1.44		722.3		1043.0
2025-08-04 14:37:24.944,25.61	1.30		658.4		858.6
2025-08-04 14:37:24.993,25.66	1.20		608.4		732.5
2025-08-04 14:37:25.043,25.71	1.11		556.7		619.1
2025-08-04 14:37:25.092,25.76	0.80		411.0		330.4
2025-08-04 14:37:25.144,25.81	0.36		188.0		66.9
2025-08-04 14:37:25.194,25.86	0.11		67.1		7.2
2025-08-04 14:37:25.244,25.91	0.02		24.4		0.5
2025-08-04 14:37:25.293,25.96	0.00		9.4		0.0
2025-08-04 14:37:25.345,26.01	0.00		4.0		0.0
2025-08-04 14:37:25.395,26.06	0.00		1.9		0.0
2025-08-04 14:37:25.444,26.11	0.00		0.9		0.0
2025-08-04 14:37:25.493,26.16	0.00		0.4		0.0
2025-08-04 14:37:25.543,26.21	0.00		0.2		0.0
2025-08-04 14:37:25.595,26.26	0.00		0.1		0.0
2025-08-04 14:37:25.644,26.31	0.00		-0.1		0.0
2025-08-04 14:37:25.695,26.36	0.00		0.0		0.0
2025-08-04 14:37:25.743,26.41	0.00		6.4		0.0
2025-08-04 14:37:25.793,26.46	1.45		757.7		1100.2
2025-08-04 14:37:25.845,26.51	1.74		875.6		1527.0
2025-08-04 14:37:25.894,26.56	1.73		868.1		1500.1
2025-08-04 14:37:25.945,26.61	1.50		752.7		1126.0
2025-08-04 14:37:25.994,26.66	1.14		570.0		647.5
2025-08-04 14:37:26.042,26.71	0.82		416.1		339.5
2025-08-04 14:37:26.095,26.76	0.58		295.8		170.4
2025-08-04 14:37:26.144,26.81	0.34		181.0		61.5
2025-08-04 14:37:26.193,26.86	0.13		74.6		9.5
2025-08-04 14:37:26.243,26.91	0.02		26.4		0.6
2025-08-04 14:37:26.295,26.96	0.00		10.0		0.0
2025-08-04 14:37:26.344,27.01	0.00		4.1		0.0
2025-08-04 14:37:26.394,27.06	0.00		1.8		0.0
2025-08-04 14:37:26.444,27.11	0.00		0.7		0.0
2025-08-04 14:37:26.494,27.16	0.00		0.3		0.0
2025-08-04 14:37:26.545,27.21	0.00		0.2		0.0
2025-08-04 14:37:26.594,27.26	0.00		-0.2		0.0
2025-08-04 14:37:26.645,27.31	0.00		-0.1		0.0
2025-08-04 14:37:26.694,27.36	0.00		-0.3		0.0
2025-08-04 14:37:26.746,27.41	0.17		118.9		20.5
2025-08-04 14:37:26.795,27.46	1.53		770.3		1177.0
2025-08-04 14:37:26.845,27.51	1.65		830.8		1372.5
2025-08-04 14:37:26.894,27.56	1.76		887.4		1558.3
2025-08-04 14:37:26.943,27.61	1.75		880.7		1543.0
2025-08-04 14:37:26.996,27.66	1.59		795.1		1262.6
2025-08-04 14:37:27.045,27.71	1.35		682.0		922.1
2025-08-04 14:37:27.096,27.76	1.15		577.9		663.4
2025-08-04 14:37:27.144,27.81	0.87		444.4		385.7
2025-08-04 14:37:27.194,27.86	0.44		226.9		99.8
2025-08-04 14:37:27.245,27.91	0.14		82.5		11.6
2025-08-04 14:37:27.295,27.96	0.03		29.9		1.0
2025-08-04 14:37:27.345,28.01	0.00		11.6		0.0
2025-08-04 14:37:27.393,28.06	0.00		4.4		0.0
2025-08-04 14:37:27.443,28.11	0.00		2.2		0.0
2025-08-04 14:37:27.492,28.16	0.00		0.9		0.0
2025-08-04 14:37:27.545,28.21	0.00		0.6		0.0
2025-08-04 14:37:27.595,28.26	0.00		0.1		0.0
2025-08-04 14:37:27.645,28.31	0.00		-0.3		0.0
2025-08-04 14:37:27.696,28.36	0.00		-0.2		0.0
2025-08-04 14:37:27.745,28.41	0.00		-0.1		0.0
2025-08-04 14:37:27.795,28.46	0.00		-0.2		0.0
2025-08-04 14:37:27.845,28.51	0.98		529.7		519.1
2025-08-04 14:37:27.895,28.56	1.58		795.9		1257.5
2025-08-04 14:37:27.946,28.61	1.46		736.9		1078.8
2025-08-04 14:37:27.995,28.66	1.34		676.1		906.0
2025-08-04 14:37:28.045,28.71	1.13		569.6		642.5
2025-08-04 14:37:28.095,28.76	0.93		467.4		435.6
2025-08-04 14:37:28.147,28.81	0.77		393.2		303.6
2025-08-04 14:37:28.196,28.86	0.75		380.5		284.6
2025-08-04 14:37:28.246,28.92	0.73		378.4		277.0
2025-08-04 14:37:28.296,28.96	0.64		322.5		205.1
2025-08-04 14:37:28.345,29.01	0.32		171.6		55.6
2025-08-04 14:37:28.396,29.06	0.10		62.4		6.2
2025-08-04 14:37:28.446,29.11	0.02		22.6		0.4
2025-08-04 14:37:28.496,29.17	0.00		8.6		0.0
2025-08-04 14:37:28.545,29.21	0.00		3.5		0.0
2025-08-04 14:37:28.597,29.26	0.00		1.5		0.0
2025-08-04 14:37:28.646,29.31	0.00		0.7		0.0
2025-08-04 14:37:28.696,29.36	0.00		0.2		0.0
2025-08-04 14:37:28.746,29.42	0.00		0.0		0.0
2025-08-04 14:37:28.795,29.46	0.00		0.2		0.0
2025-08-04 14:37:28.847,29.51	0.00		-0.1		0.0
2025-08-04 14:37:28.896,29.56	0.00		-0.3		0.0
2025-08-04 14:37:28.946,29.61	0.50		291.3		144.5
2025-08-04 14:37:28.995,29.67	1.70		854.6		1449.4
2025-08-04 14:37:29.045,29.71	1.65		830.7		1372.3
2025-08-04 14:37:29.097,29.76	1.64		826.6		1358.9
2025-08-04 14:37:29.146,29.81	1.37		683.5		935.0
2025-08-04 14:37:29.196,29.86	1.07		542.0		581.0
2025-08-04 14:37:29.246,29.92	0.83		425.7		354.2
2025-08-04 14:37:29.295,29.96	0.61		315.3		193.0
2025-08-04 14:37:29.347,30.01	0.46		244.6		113.5
2025-08-04 14:37:29.396,30.06	0.39		209.9		82.3
2025-08-04 14:37:29.446,30.11	0.23		129.0		29.9
2025-08-04 14:37:29.495,30.17	0.07		47.7		3.2
2025-08-04 14:37:29.547,30.22	0.00		17.3		0.1
2025-08-04 14:37:29.597,30.27	0.00		6.3		0.0
2025-08-04 14:37:29.646,30.32	0.00		2.4		0.0
2025-08-04 14:37:29.696,30.37	0.00		0.9		0.0
2025-08-04 14:37:29.748,30.42	0.00		0.5		0.0
2025-08-04 14:37:29.797,30.47	0.00		0.0		0.0
2025-08-04 14:37:29.847,30.52	0.00		0.0		0.0
2025-08-04 14:37:29.896,30.57	0.00		0.0		0.0
2025-08-04 14:37:29.946,30.62	0.00		-0.2		0.0
2025-08-04 14:37:29.998,30.67	0.00		-0.1		0.0
2025-08-04 14:37:30.048,30.72	0.06		53.5		3.0
2025-08-04 14:37:30.097,30.77	1.70		860.1		1465.6
2025-08-04 14:37:30.146,30.82	1.78		893.4		1586.7
2025-08-04 14:37:30.199,30.87	1.84		922.5		1697.4
2025-08-04 14:37:30.248,30.92	1.68		836.9		1402.6
2025-08-04 14:37:30.298,30.97	1.44		725.2		1041.4
2025-08-04 14:37:30.347,31.02	1.25		631.2		787.7
2025-08-04 14:37:30.396,31.07	1.05		529.8		555.2
2025-08-04 14:37:30.448,31.12	0.76		384.5		290.7
2025-08-04 14:37:30.498,31.17	0.36		187.3		66.7
2025-08-04 14:37:30.549,31.22	0.11		68.6		7.7
2025-08-04 14:37:30.597,31.27	0.02		24.7		0.5
2025-08-04 14:37:30.646,31.32	0.00		9.4		0.0
2025-08-04 14:37:30.695,31.37	0.00		4.1		0.0
2025-08-04 14:37:30.748,31.42	0.00		2.0		0.0
2025-08-04 14:37:30.798,31.47	0.00		0.8		0.0
2025-08-04 14:37:30.847,31.52	0.00		0.2		0.0
2025-08-04 14:37:30.896,31.57	0.00		0.1		0.0
2025-08-04 14:37:30.945,31.62	0.00		-0.3		0.0
2025-08-04 14:37:30.998,31.67	0.00		-0.1		0.0
2025-08-04 14:37:31.047,31.72	0.00		0.0		0.0
2025-08-04 14:37:31.097,31.77	0.00		-0.3		0.0
2025-08-04 14:37:31.146,31.82	0.06		57.0		3.6
2025-08-04 14:37:31.198,31.87	1.52		773.3		1178.5
2025-08-04 14:37:31.248,31.92	1.60		803.0		1288.0
2025-08-04 14:37:31.298,31.97	1.54		774.0		1188.9
2025-08-04 14:37:31.347,32.02	1.32		659.4		867.8
2025-08-04 14:37:31.399,32.07	1.08		547.6		593.6
2025-08-04 14:37:31.448,32.12	0.92		466.7		431.2
2025-08-04 14:37:31.498,32.17	0.86		439.9		378.3
2025-08-04 14:37:31.548,32.22	0.75		378.1		282.8
2025-08-04 14:37:31.596,32.27	0.48		248.7		119.4
2025-08-04 14:37:31.649,32.32	0.16		92.0		14.4
2025-08-04 14:37:31.698,32.37	0.04		32.7		1.2
2025-08-04 14:37:31.748,32.42	0.00		12.3		0.0
2025-08-04 14:37:31.797,32.47	0.00		5.0		0.0
2025-08-04 14:37:31.846,32.52	0.00		2.0		0.0
2025-08-04 14:37:31.899,32.57	0.00		0.8		0.0
2025-08-04 14:37:31.948,32.62	0.00		0.4		0.0
2025-08-04 14:37:31.998,32.67	0.00		0.5		0.0
2025-08-04 14:37:32.047,32.72	0.00		0.0		0.0
2025-08-04 14:37:32.099,32.77	0.00		-0.3		0.0
2025-08-04 14:37:32.148,32.82	0.00		-0.1		0.0
2025-08-04 14:37:32.198,32.87	0.74		410.3		302.0
2025-08-04 14:37:32.248,32.92	1.73		870.4		1504.1
2025-08-04 14:37:32.298,32.97	1.83		920.6		1686.5
2025-08-04 14:37:32.349,33.02	1.87		935.5		1751.3
2025-08-04 14:37:32.398,33.07	1.75		878.4		1535.4
2025-08-04 14:37:32.449,33.12	1.62		812.7		1313.3
2025-08-04 14:37:32.498,33.17	1.52		764.5		1165.1
2025-08-04 14:37:32.550,33.22	1.18		583.4		686.1
2025-08-04 14:37:32.599,33.27	0.58		299.5		174.9
2025-08-04 14:37:32.649,33.32	0.18		103.0		18.5
2025-08-04 14:37:32.698,33.37	0.05		38.8		1.9
2025-08-04 14:37:32.748,33.42	0.00		14.7		0.0
2025-08-04 14:37:32.800,33.47	0.00		6.3		0.0
2025-08-04 14:37:32.849,33.52	0.00		2.6		0.0
2025-08-04 14:37:32.899,33.57	0.00		1.1		0.0
2025-08-04 14:37:32.948,33.62	0.00		0.8		0.0
2025-08-04 14:37:32.998,33.67	0.00		0.5		0.0
2025-08-04 14:37:33.050,33.72	0.00		0.3		0.0
2025-08-04 14:37:33.099,33.77	0.00		0.2		0.0
2025-08-04 14:37:33.149,33.82	0.00		0.0		0.0
2025-08-04 14:37:33.198,33.87	0.71		398.4		282.1
2025-08-04 14:37:33.250,33.92	1.73		868.2		1500.2
2025-08-04 14:37:33.300,33.97	1.58		793.2		1250.1
2025-08-04 14:37:33.349,34.02	1.48		743.1		1096.8
2025-08-04 14:37:33.399,34.07	1.30		659.1		859.5
2025-08-04 14:37:33.448,34.12	1.12		569.8		640.5
2025-08-04 14:37:33.500,34.17	1.00		509.2		511.2
2025-08-04 14:37:33.550,34.22	0.80		407.3		325.8
2025-08-04 14:37:33.599,34.27	0.43		226.4		96.9
2025-08-04 14:37:33.649,34.32	0.13		78.5		10.4
2025-08-04 14:37:33.698,34.37	0.03		28.8		0.8
2025-08-04 14:37:33.750,34.42	0.00		10.9		0.0
2025-08-04 14:37:33.800,34.47	0.00		4.4		0.0
2025-08-04 14:37:33.850,34.52	0.00		1.8		0.0
2025-08-04 14:37:33.898,34.57	0.00		0.8		0.0
2025-08-04 14:37:33.951,34.62	0.00		0.5		0.0
2025-08-04 14:37:34.000,34.67	0.00		0.0		0.0
2025-08-04 14:37:34.050,34.72	0.00		0.0		0.0
2025-08-04 14:37:34.098,34.77	0.00		0.1		0.0
2025-08-04 14:37:34.148,34.82	0.00		0.0		0.0
2025-08-04 14:37:34.201,34.87	0.81		453.3		368.1
2025-08-04 14:37:34.250,34.92	1.65		829.4		1370.2
2025-08-04 14:37:34.300,34.97	1.62		811.1		1310.7
2025-08-04 14:37:34.352,35.02	1.53		768.5		1177.3
2025-08-04 14:37:34.401,35.07	1.43		720.8		1032.2
2025-08-04 14:37:34.450,35.12	1.39		698.7		969.8
2025-08-04 14:37:34.501,35.17	1.28		643.7		823.9
2025-08-04 14:37:34.550,35.22	1.04		529.5		550.7
2025-08-04 14:37:34.602,35.27	0.64		318.8		202.8
2025-08-04 14:37:34.651,35.32	0.21		119.5		25.3
2025-08-04 14:37:34.701,35.37	0.06		42.4		2.4
2025-08-04 14:37:34.751,35.42	0.00		16.0		0.0
2025-08-04 14:37:34.799,35.47	0.00		6.5		0.0
2025-08-04 14:37:34.848,35.52	0.00		2.8		0.0
2025-08-04 14:37:34.901,35.57	0.00		1.4		0.0
2025-08-04 14:37:34.950,35.62	0.00		0.6		0.0
2025-08-04 14:37:35.000,35.67	0.00		0.2		0.0
2025-08-04 14:37:35.050,35.72	0.00		0.1		0.0
2025-08-04 14:37:35.098,35.77	0.00		0.1		0.0
2025-08-04 14:37:35.151,35.82	0.00		-0.1		0.0
2025-08-04 14:37:35.201,35.87	0.00		13.9		0.0
2025-08-04 14:37:35.250,35.92	1.15		601.5		692.9
2025-08-04 14:37:35.299,35.97	1.42		717.0		1021.0
2025-08-04 14:37:35.351,36.02	1.35		682.4		922.6
2025-08-04 14:37:35.401,36.07	1.25		633.9		791.1
2025-08-04 14:37:35.451,36.12	1.17		592.0		691.5
2025-08-04 14:37:35.501,36.17	1.08		553.7		598.0
2025-08-04 14:37:35.552,36.22	0.95		483.4		458.3
2025-08-04 14:37:35.601,36.27	0.83		427.3		355.5
2025-08-04 14:37:35.651,36.32	0.69		352.8		242.7
2025-08-04 14:37:35.700,36.37	0.35		181.5		63.2
2025-08-04 14:37:35.750,36.42	0.11		69.4		7.8
2025-08-04 14:37:35.802,36.47	0.02		24.8		0.5
2025-08-04 14:37:35.851,36.52	0.00		9.3		0.0
2025-08-04 14:37:35.900,36.57	0.00		4.1		0.0
2025-08-04 14:37:35.950,36.62	0.00		1.5		0.0
2025-08-04 14:37:36.000,36.67	0.00		0.8		0.0
2025-08-04 14:37:36.052,36.72	0.00		0.1		0.0
2025-08-04 14:37:36.101,36.77	0.00		0.2		0.0
2025-08-04 14:37:36.151,36.82	0.00		-0.2		0.0
2025-08-04 14:37:36.201,36.87	0.00		0.0		0.0
2025-08-04 14:37:36.249,36.92	0.00		-0.3		0.0
2025-08-04 14:37:36.302,36.97	1.52		775.9		1179.4
2025-08-04 14:37:36.351,37.02	2.00		1003.6		2007.2
2025-08-04 14:37:36.401,37.07	2.19		1094.1		2393.9
2025-08-04 14:37:36.451,37.12	2.08		1036.0		2150.7
2025-08-04 14:37:36.499,37.17	1.52		755.1		1144.7
2025-08-04 14:37:36.552,37.22	1.03		524.1		540.9
2025-08-04 14:37:36.601,37.27	0.56		286.6		160.5
2025-08-04 14:37:36.651,37.32	0.18		105.9		19.5
2025-08-04 14:37:36.700,37.37	0.05		37.9		1.8
2025-08-04 14:37:36.752,37.42	0.00		14.6		0.0
2025-08-04 14:37:36.802,37.47	0.00		5.9		0.0
2025-08-04 14:37:36.851,37.52	0.00		2.6		0.0
2025-08-04 14:37:36.900,37.57	0.00		1.2		0.0
2025-08-04 14:37:36.953,37.62	0.00		0.5		0.0
2025-08-04 14:37:37.002,37.67	0.00		0.4		0.0
2025-08-04 14:37:37.052,37.72	0.00		0.0		0.0
2025-08-04 14:37:37.101,37.77	0.00		0.0		0.0
2025-08-04 14:37:37.151,37.82	0.00		-0.3		0.0
2025-08-04 14:37:37.203,37.87	0.00		0.0		0.0
2025-08-04 14:37:37.252,37.92	1.13		595.1		673.7
2025-08-04 14:37:37.303,37.97	1.51		762.5		1152.9
2025-08-04 14:37:37.351,38.02	1.50		760.5		1143.8
2025-08-04 14:37:37.400,38.07	1.36		681.6		924.2
2025-08-04 14:37:37.453,38.12	1.16		591.5		688.5
2025-08-04 14:37:37.502,38.17	1.04		526.6		545.6
2025-08-04 14:37:37.552,38.22	0.91		467.4		426.3
2025-08-04 14:37:37.601,38.27	0.84		427.3		357.2
2025-08-04 14:37:37.650,38.32	0.87		441.5		385.0
2025-08-04 14:37:37.702,38.37	0.86		442.2		382.1
2025-08-04 14:37:37.752,38.42	0.67		346.3		232.7
2025-08-04 14:37:37.802,38.47	0.30		155.4		46.0
2025-08-04 14:37:37.851,38.52	0.08		55.9		4.7
2025-08-04 14:37:37.903,38.57	0.01		20.2		0.2
2025-08-04 14:37:37.953,38.62	0.00		8.1		0.0
2025-08-04 14:37:38.002,38.67	0.00		3.1		0.0
2025-08-04 14:37:38.052,38.72	0.00		1.6		0.0
2025-08-04 14:37:38.101,38.77	0.00		0.9		0.0
2025-08-04 14:37:38.153,38.82	0.00		0.2		0.0
2025-08-04 14:37:38.202,38.87	0.00		0.2		0.0
2025-08-04 14:37:38.252,38.92	0.00		-0.2		0.0
2025-08-04 14:37:38.301,38.97	0.00		-0.3		0.0
2025-08-04 14:37:38.354,39.02	0.00		-0.4		0.0
2025-08-04 14:37:38.404,39.07	0.07		53.7		3.7
2025-08-04 14:37:38.454,39.12	1.36		686.8		931.3
2025-08-04 14:37:38.502,39.17	1.34		679.7		913.5
2025-08-04 14:37:38.554,39.22	1.40		703.9		982.6
2025-08-04 14:37:38.604,39.27	1.32		664.2		874.1
2025-08-04 14:37:38.654,39.32	1.16		582.8		676.0
2025-08-04 14:37:38.703,39.37	1.00		508.5		506.5
2025-08-04 14:37:38.755,39.42	0.94		481.6		452.7
2025-08-04 14:37:38.804,39.47	0.80		412.2		331.4
2025-08-04 14:37:38.854,39.52	0.57		293.4		166.7
2025-08-04 14:37:38.904,39.57	0.29		157.2		45.9
2025-08-04 14:37:38.953,39.62	0.08		54.4		4.4
2025-08-04 14:37:39.005,39.67	0.01		19.5		0.2
2025-08-04 14:37:39.054,39.72	0.00		7.3		0.0
2025-08-04 14:37:39.104,39.77	0.00		3.2		0.0
2025-08-04 14:37:39.153,39.82	0.00		1.3		0.0
2025-08-04 14:37:39.203,39.87	0.00		0.7		0.0
2025-08-04 14:37:39.255,39.92	0.00		0.1		0.0
2025-08-04 14:37:39.304,39.97	0.00		0.1		0.0
2025-08-04 14:37:39.354,40.02	0.00		0.0		0.0
2025-08-04 14:37:39.403,40.07	0.00		-0.1		0.0
2025-08-04 14:37:39.453,40.12	0.00		-0.2		0.0
2025-08-04 14:37:39.505,40.17	0.00		0.1		0.0
2025-08-04 14:37:39.554,40.22	0.40		248.4		98.4
2025-08-04 14:37:39.605,40.27	1.95		979.4		1907.9
2025-08-04 14:37:39.653,40.32	2.01		1009.2		2030.5
2025-08-04 14:37:39.703,40.37	1.99		997.6		1987.2
2025-08-04 14:37:39.755,40.42	1.66		831.5		1383.6
2025-08-04 14:37:39.804,40.47	1.37		688.7		942.1
2025-08-04 14:37:39.854,40.52	1.11		562.9		625.9
2025-08-04 14:37:39.903,40.57	0.93		471.6		437.6
2025-08-04 14:37:39.952,40.62	0.76		381.7		288.6
2025-08-04 14:37:40.004,40.67	0.48		251.2		120.6
2025-08-04 14:37:40.054,40.72	0.20		114.3		23.3
2025-08-04 14:37:40.104,40.77	0.05		40.8		2.0
2025-08-04 14:37:40.154,40.82	0.00		14.8		0.0
2025-08-04 14:37:40.205,40.87	0.00		6.1		0.0
2025-08-04 14:37:40.254,40.92	0.00		2.7		0.0
2025-08-04 14:37:40.304,40.97	0.00		1.3		0.0
2025-08-04 14:37:40.353,41.02	0.00		0.5		0.0
2025-08-04 14:37:40.403,41.07	0.00		0.2		0.0
2025-08-04 14:37:40.455,41.12	0.00		0.5		0.0
2025-08-04 14:37:40.504,41.17	0.00		-0.2		0.0
2025-08-04 14:37:40.554,41.22	0.00		-0.3		0.0
2025-08-04 14:37:40.604,41.27	0.00		-0.5		0.0
2025-08-04 14:37:40.653,41.32	0.00		-0.1		0.0
2025-08-04 14:37:40.705,41.37	0.00		-0.2		0.0
2025-08-04 14:37:40.754,41.42	0.00		3.5		0.0
2025-08-04 14:37:40.804,41.47	0.70		366.0		257.7
2025-08-04 14:37:40.854,41.52	1.06		548.9		584.0
2025-08-04 14:37:40.902,41.57	1.40		707.0		989.8
2025-08-04 14:37:40.955,41.62	1.04		524.6		547.7
2025-08-04 14:37:41.004,41.67	0.81		411.8		332.7
2025-08-04 14:37:41.054,41.72	0.79		403.4		319.5
2025-08-04 14:37:41.103,41.77	0.71		365.8		259.0
2025-08-04 14:37:41.155,41.82	0.60		310.1		187.3
2025-08-04 14:37:41.205,41.87	0.42		220.3		92.5
2025-08-04 14:37:41.255,41.92	0.20		112.7		23.0
2025-08-04 14:37:41.305,41.97	0.05		40.5		2.1
2025-08-04 14:37:41.356,42.02	0.00		14.6		0.0
2025-08-04 14:37:41.405,42.07	0.00		5.2		0.0
2025-08-04 14:37:41.455,42.12	0.00		2.5		0.0
2025-08-04 14:37:41.505,42.17	0.00		1.1		0.0
2025-08-04 14:37:41.553,42.22	0.00		0.1		0.0
2025-08-04 14:37:41.606,42.27	0.00		-0.1		0.0
2025-08-04 14:37:41.655,42.32	0.00		-0.1		0.0
2025-08-04 14:37:41.704,42.37	0.00		-0.2		0.0
2025-08-04 14:37:41.754,42.42	0.00		-0.1		0.0
